% Model,hl2.mph
% Version,COMSOL 6.1.0.357
% Date,"Nov 24 2023, 12:38"
% Table,Table 2 - 
% freq (Hz),"Total acoustic pressure (Pa), Pressure 1","Total acoustic velocity, z-component (m^3/s), Velocity 1"
10,15000,-1.111314563599617E-14-6.515570056263661E-4i
20,15000,-1.7900277734407176E-13-0.001307420942078329i
30,15000,-9.163986987846438E-13-0.00197199539789283i
40,15000,-2.9423136839832993E-12-0.00264988186771213i
50,15000,-7.331886859621919E-12-0.003345990565908659i
60,15000,-1.5592914419061308E-11-0.0040656665716303775i
70,15000,-2.977696190905472E-11-0.004814838421706206i
80,15000,-5.263709820169083E-11-0.005600198302722808i
90,15000,-8.785037442905359E-11-0.00642942605342531i
100,15000,-1.4033237703422632E-10-0.007311473722798646i
110,15000,-2.1668546962406028E-10-0.008256934183974192i
120,15000,-3.2584502810115325E-10-0.0092785275137518i
130,15000,-4.800248575025584E-10-0.010391754505170027i
140,15000,-6.961244306306309E-10-0.01161579119681446i
150,15000,-9.978657420699697E-10-0.012974737557256455i
160,15000,-1.4191129053580026E-9-0.01449939798951975i
170,15000,-2.0091652636597804E-9-0.01622988053233327i
180,15000,-2.8414533494560863E-9-0.018219492787462443i
190,15000,-4.028327394488764E-9-0.020540760146076028i
200,15000,-5.747241334466581E-9-0.023295052230514954i
210,15000,-8.289374366457824E-9-0.026628624111390473i
220,15000,-1.215522521074059E-8-0.03076068512013511i
230,15000,-1.8256156369111976E-8-0.036035522060228614i
240,15000,-2.837817191712574E-8-0.04302673751230787i
250,15000,-4.637698594070019E-8-0.052766555008351465i
260,15000,-8.176629377591405E-8-0.06731902204689338i
270,15000,-1.631510892654209E-7-0.09149936162155738i
280,15000,-4.0996400325980064E-7-0.1397496574837184i
290,15000,-1.822333279786914E-6-0.284241192193758i
300,15000,-4.556960333545664-434.09493757793535i
310,15000,-2.2319477318771066E-6+0.2937511729889506i
320,15000,-6.128657001258493E-7+0.1489788745366891i
330,15000,-2.982953375361114E-7+0.10068843087813639i
340,15000,-1.8319122321072624E-7+0.07650809098451473i
350,15000,-1.2762895529069647E-7+0.06197113135440212i
360,15000,-9.621635318361333E-8+0.052256315942564635i
370,15000,-7.653896792591418E-8+0.045297610956509436i
380,15000,-6.329286671001535E-8+0.04006204339760472i
390,15000,-5.3888216185938345E-8+0.035975738601564354i
400,15000,-4.6931657813095195E-8+0.03269435797958681i
410,15000,-4.1616111876209215E-8+0.02999875994753824i
420,15000,-3.744609031416387E-8+0.027742833144772678i
430,15000,-3.410274279349714E-8+0.025825407744756366i
440,15000,-3.137275422753003E-8+0.024174205249292646i
450,15000,-2.9108676721044925E-8+0.02273620856627712i
460,15000,-2.7205715507843207E-8+0.02147164338731156i
470,15000,-2.5587581938512902E-8+0.02035008380722283i
480,15000,-2.4197566471972654E-8+0.019347856065797375i
490,15000,-2.2992732475754216E-8+0.018446262143943917i
500,15000,-2.194003821539492E-8+0.01763033625922242i
510,15000,-2.101368515076561E-8+0.01688795662534107i
520,15000,-2.0193266420040965E-8+0.016209199436283038i
530,15000,-1.9462449562725654E-8+0.015585861354822319i
540,15000,-1.88080233426383E-8+0.01501110135896348i
550,15000,-1.821919737559872E-8+0.014479168526997736i
560,15000,-1.7687080276781314E-8+0.01398519262480077i
570,15000,-1.7204285828586106E-8+0.013525021214244226i
580,15000,-1.676463225997369E-8+0.013095091653371438i
590,15000,-1.636291013173389E-8+0.012692329566984845i
600,15000,-1.5994701380590676E-8+0.012314067612029446i
610,15000,-1.5656236936828237E-8+0.011957979955727326i
620,15000,-1.5344283726914185E-8+0.01162202902995065i
630,15000,-1.505605427657536E-8+0.011304421958329298i
640,15000,-1.4789133852219757E-8+0.0110035746651595i
650,15000,-1.4541421326521413E-8+0.010718082130185448i
660,15000,-1.4311080867929302E-8+0.010446693594624528i
670,15000,-1.4096502229816133E-8+0.010188291782066641i
680,15000,-1.3896267919490554E-8+0.009941875394965277i
690,15000,-1.3709125907381883E-8+0.009706544299078513i
700,15000,-1.3533966825143637E-8+0.009481486925689203i
710,15000,-1.3369804822317575E-8+0.009265969513189498i
720,15000,-1.3215761421344675E-8+0.00905932688162746i
730,15000,-1.3071051842924592E-8+0.008860954490836634i
740,15000,-1.2934973376924787E-8+0.00867030157805913i
750,15000,-1.2806895455341754E-8+0.008486865207268124i
760,15000,-1.2686251147982219E-8+0.00831018509153037i
770,15000,-1.2572529852728006E-8+0.008139839073358194i
780,15000,-1.246527099311972E-8+0.007975439167144098i
790,15000,-1.2364058568895954E-8+0.007816628083424204i
800,15000,-1.2268516431732205E-8+0.007663076167538416i
810,15000,-1.2178304180022631E-8+0.007514478695818539i
820,15000,-1.2093113584157019E-8+0.007370553481171532i
830,15000,-1.2012665468240064E-8+0.007231038747179069i
840,15000,-1.1936706986065425E-8+0.0070956912358656945i
850,15000,-1.1865009239032246E-8+0.006964284519361952i
860,15000,-1.1797365191860429E-8+0.0068366074899024135i
870,15000,-1.1733587848801383E-8+0.006712463006197659i
880,15000,-1.1673508658765554E-8+0.006591666677205783i
890,15000,-1.1616976122606793E-8+0.006474045766907361i
900,15000,-1.1563854579906374E-8+0.006359438205844777i
910,15000,-1.1514023156066807E-8+0.006247691697035813i
920,15000,-1.1467374853521337E-8+0.006138662905455916i
930,15000,-1.142381577343129E-8+0.0060322167216309164i
940,15000,-1.1383264456488784E-8+0.005928225591038723i
950,15000,-1.1345651333401567E-8+0.005826568902020974i
960,15000,-1.1310918277397945E-8+0.005727132425759509i
970,15000,-1.1279018252647236E-8+0.005629807802616589i
980,15000,-1.1249915053916204E-8+0.0055344920697663336i
990,15000,-1.1223583134130468E-8+0.005441087225612562i
1000,15000,-1.1200007517732989E-8+0.005349499826949387i
1010,15000,-1.1179183798964626E-8+0.005259640615244523i
1020,15000,-1.1161118225360237E-8+0.005171424168771773i
1030,15000,-1.1145827867865149E-8+0.005084768577627568i
1040,15000,-1.1133340880731649E-8+0.00499959513892975i
1050,15000,-1.1123696854074062E-8+0.0049158280697152315i
1060,15000,-1.1116947265546325E-8+0.004833394235241944i
1070,15000,-1.111315603856822E-8+0.004752222890555742i
1080,15000,-1.1112400213261863E-8+0.0046722454333072636i
1090,15000,-1.1114770738982392E-8+0.004593395165905965i
1100,15000,-1.1120373413933392E-8+0.004515607065165303i
1110,15000,-1.11293299611237E-8+0.004438817557643298i
1120,15000,-1.1141779284703656E-8+0.004362964298902799i
1130,15000,-1.1157878910089397E-8+0.004287985954914588i
1140,15000,-1.117780663879268E-8+0.004213821983790423i
1150,15000,-1.1201762444182435E-8+0.004140412415980625i
1160,15000,-1.122997064246597E-8+0.0040676976309786065i
1170,15000,-1.1262682377083406E-8+0.003995618128451807i
1180,15000,-1.1300178463457746E-8+0.003924114291561801i
1190,15000,-1.1342772648026604E-8+0.003853126140031641i
1200,15000,-1.1390815346032052E-8+0.00378259307026426i
1210,15000,-1.1444697934268027E-8+0.003712453579513621i
1220,15000,-1.1504857689339328E-8+0.0036426449707242306i
1230,15000,-1.1571783479299487E-8+0.003573103034205999i
1240,15000,-1.1646022337576184E-8+0.0035037617017538536i
1250,15000,-1.1728187073715027E-8+0.003434552668152344i
1260,15000,-1.181896510680681E-8+0.003365404974201696i
1270,15000,-1.1919128746013469E-8+0.00329624454442248i
1280,15000,-1.2029547190116047E-8+0.003226993671401992i
1290,15000,-1.2151200576918031E-8+0.0031575704373149015i
1300,15000,-1.2285196486758614E-8+0.0030878880613800135i
1310,15000,-1.2432789396150522E-8+0.0030178541598637233i
1320,15000,-1.2595403693106625E-8+0.002947369902585993i
1330,15000,-1.277466101173333E-8+0.0028763290466219107i
1340,15000,-1.2972412829449153E-8+0.002804616823824931i
1350,15000,-1.3190779507626274E-8+0.002732108653746387i
1360,15000,-1.3432197262322496E-8+0.002658668647183757i
1370,15000,-1.3699474947599619E-8+0.0025841478576112027i
1380,15000,-1.3995863050360361E-8+0.0025083822276049453i
1390,15000,-1.4325137974190759E-8+0.002431190164478326i
1400,15000,-1.469170558619576E-8+0.0023523696627253017i
1410,15000,-1.510072920070423E-8+0.002271694869416589i
1420,15000,-1.555828878181395E-8+0.0021889119607031472i
1430,15000,-1.607158033686744E-8+0.0021037341608038693i
1440,15000,-1.6649167473264316E-8+0.002015835686105153i
1450,15000,-1.7301301212894846E-8+0.0019248443318041447i
1460,15000,-1.804033007677204E-8+0.001830332330442458i
1470,15000,-1.8881230471127844E-8+0.001731804991449074i
1480,15000,-1.984229947729888E-8+0.0016286864648507747i
1490,15000,-2.0946069095362996E-8+0.0015203017404254741i
1500,15000,-2.222052640858567E-8+0.0014058536653078618i
1510,15000,-2.370076201896649E-8+0.0012843932918388972i
1520,15000,-2.5431226910761407E-8+0.0011547811804138945i
1530,15000,-2.74688676024156E-8+0.0010156362637442915i
1540,15000,-2.9887551760179964E-8+8.652673415274205E-4i
1550,15000,-3.278442647832091E-8+7.015799065112796E-4i
1560,15000,-3.628923495881965E-8+5.219472738954718E-4i
1570,15000,-4.0578269859992575E-8+3.230289674155373E-4i
1580,15000,-4.5895792916744834E-8+1.0050933105365984E-4i
1590,15000,-5.258784697529293E-8-1.5128774776139916E-4i
1600,15000,-6.115736124336926E-8-4.3998238819960257E-4i
1610,15000,-7.235732997853891E-8-7.760507547697936E-4i
1620,15000,-8.735529912611458E-8-0.0011743036546006497i
1630,15000,-1.0803891593330463E-7-0.0016563897244240317i
1640,15000,-1.376194584358793E-7-0.002255259686972685i
1650,15000,-1.8191746197879983E-7-0.003023653292295231i
1660,15000,-2.5237549741960113E-7-0.004051585221109036i
1670,15000,-3.740575924019205E-7-0.005506351746777267i
1680,15000,-6.10871616093513E-7-0.0077381470459785455i
1690,15000,-1.168232632384737E-6-0.011624036597138133i
1700,15000,-3.038807035726973E-6-0.020156252096114678i
1710,15000,-1.9559161194546975E-5-0.054500069742514694i
1720,15000,-7.404977755185326E-5+0.11216626776140225i
1730,15000,-4.890154481181696E-6+0.030287850364591244i
1740,15000,-1.6398573471854046E-6+0.018322410507072902i
1750,15000,-8.242965786188111E-7+0.013500195178935108i
1760,15000,-5.008079041069605E-7+0.01088518340170591i
1770,15000,-3.39906697940249E-7+0.009237778032589673i
1780,15000,-2.481584192507831E-7+0.00810028549617761i
1790,15000,-1.9081088057668779E-7+0.0072643850042102805i
1800,15000,-1.525176223581974E-7+0.006621649447523989i
1810,15000,-1.2564099994104365E-7+0.0061100770826893235i
1820,15000,-1.0602826797698345E-7+0.005691645133072615i
1830,15000,-9.126189455083791E-8+0.005341738326526845i
1840,15000,-7.985582630990078E-8+0.005043716942182445i
1850,15000,-7.085512199044747E-8+0.004785927753871697i
1860,15000,-6.362304318307468E-8+0.004559965497872493i
1870,15000,-5.772155696492625E-8+0.004359614273075012i
1880,15000,-5.2841157451919365E-8+0.004180177617388136i
1890,15000,-4.875802770801358E-8+0.004018040367625072i
1900,15000,-4.5307003769524014E-8+0.003870373842278086i
1910,15000,-4.2364007948757806E-8+0.0037349324756921058i
1920,15000,-3.9834338727694065E-8+0.003609910432469671i
1930,15000,-3.7644685313121504E-8+0.0034938385281411705i
1940,15000,-3.5737570492492233E-8+0.0033855088269279547i
1950,15000,-3.40674121859057E-8+0.00328391861589887i
1960,15000,-3.259768582490898E-8+0.0031882281828575255i
1970,15000,-3.129884906499926E-8+0.0030977285844823376i
1980,15000,-3.01468032051992E-8+0.0030118167493460688i
1990,15000,-2.9121738211628654E-8+0.0029299760373448537i
2000,15000,-2.8207255747135616E-8+0.0028517609072342045i
2010,15000,-2.738969626607334E-8+0.002776784711520936i
2020,15000,-2.665761768814495E-8+0.002704709896471629i
2030,15000,-2.6001387912425436E-8+0.0026352400692638495i
2040,15000,-2.5412863712560124E-8+0.0025681135272957877i
2050,15000,-2.4885135817916703E-8+0.002503097941729118i
2060,15000,-2.4412325173414073E-8+0.0024399859589667528i
2070,15000,-2.398941912164355E-8+0.0023785915371290524i
2080,15000,-2.361213899901809E-8+0.002318746874720276i
2090,15000,-2.3276832600378094E-8+0.0022602998191247644i
2100,15000,-2.298038667268305E-8+0.0022031116658267624i
2110,15000,-2.2720155336302184E-8+0.002147055277201091i
2120,15000,-2.249390167821149E-8+0.002092013463580749i
2130,15000,-2.229975003661324E-8+0.0020378775801752794i
2140,15000,-2.2136147190147248E-8+0.0019845463018941098i
2150,15000,-2.2001831015876077E-8+0.0019319245448250076i
2160,15000,-2.189580549011502E-8+0.0018799225083922073i
2170,15000,-2.1817321168963554E-8+0.0018284548164029075i
2180,15000,-2.176586047493964E-8+0.0017774397384783195i
2190,15000,-2.1741127307887232E-8+0.0017267984759619997i
2200,15000,-2.1743040604914106E-8+0.0016764544984143837i
2210,15000,-2.1771731638345967E-8+0.001626332918341893i
2220,15000,-2.1827544932711067E-8+0.0015763598929468972i
2230,15000,-2.191104278714677E-8+0.0015264620424757381i
2240,15000,-2.202301350529067E-8+0.0014765658752071054i
2250,15000,-2.2164483535990697E-8+0.00142659720931051i
2260,15000,-2.233673384640565E-8+0.0013764805816914617i
2270,15000,-2.2541320981042727E-8+0.0013261386335389868i
2280,15000,-2.278010340117933E-8+0.0012754914615877814i
2290,15000,-2.3055273887462678E-8+0.0012244559230481734i
2300,15000,-2.3369398985551213E-8+0.0011729448807146683i
2310,15000,-2.3725466746043286E-8+0.0011208663728529901i
2320,15000,-2.412694431840221E-8+0.0010681226900059355i
2330,15000,-2.4577847367486238E-8+0.0010146093377009196i
2340,15000,-2.5082823765532602E-8+9.602138600575351E-4i
2350,15000,-2.5647254800504428E-8+9.048144942112836E-4i
2360,15000,-2.6277377478965383E-8+8.48278619057114E-4i
2370,15000,-2.698043355998755E-8+7.904609536207391E-4i
2380,15000,-2.7764851130540165E-8+7.312014499338583E-4i
2390,15000,-2.864046736104982E-8+6.703228118723245E-4i
2400,15000,-2.96188030407809E-8+6.07627554095589E-4i
2410,15000,-3.071340289423349E-8+5.42894492719988E-4i
2420,15000,-3.1940260101757016E-8+4.758745298697022E-4i
2430,15000,-3.331834945569664E-8+4.062855553267989E-4i
2440,15000,-3.4870301837887004E-8+3.3380623667328597E-4i
2450,15000,-3.66232642956654E-8+2.5806839968754204E-4i
2460,15000,-3.861000608270848E-8+1.7864760616931593E-4i
2470,15000,-4.087035414247358E-8+9.505140668343062E-5i
2480,15000,-4.3453074727773735E-8+6.704565589888198E-6i
2490,15000,-4.6418366356296306E-8-8.70696973480382E-5i
2500,15000,-4.984120148336257E-8-1.870737650849166E-4i
2510,15000,-5.381586292232851E-8-2.942668187089994E-4i
2520,15000,-5.8462188112161216E-8-4.0980577337563297E-4i
2530,15000,-6.393429576930846E-8-5.350997022973666E-4i
2540,15000,-7.043298769020828E-8-6.718832395193996E-4i
2550,15000,-7.822370318722638E-8-8.223171639747468E-4i
2560,15000,-8.766305424927389E-8-9.891286849537117E-4i
2570,15000,-9.92389594440851E-8-0.0011758110037602566i
2580,15000,-1.1363295041103391E-7-0.001386913591731383i
2590,15000,-1.318198125038051E-7-0.0016284752449636202i
2600,15000,-1.5523245191321718E-7-0.0019086891693200598i
2610,15000,-1.8604568332648754E-7-0.0022389593671723576i
2620,15000,-2.276879381742728E-7-0.002635646127441292i
2630,15000,-2.8581651398395297E-7-0.00312308903674125i
2640,15000,-3.703057690415705E-7-0.0037391499275136147i
2650,15000,-4.996546356938524E-7-0.0045461218672350695i
2660,15000,-7.118658077569377E-7-0.005654230774197839i
2670,15000,-1.095445901341065E-6-0.007278728409153558i
2680,15000,-1.897706892807797E-6-0.009904108606766552i
2690,15000,-4.045253907527943E-6-0.014896635775587714i
2700,15000,-1.3734993200120547E-5-0.028185159767056357i
2710,15000,-5.087612415909884E-4-0.1755977866880544i
2720,15000,-3.128678850851289E-5+0.04444753645964731i
2730,15000,-6.280112285751594E-6+0.020270803433902636i
2740,15000,-2.6353770269806207E-6+0.01333239666456006i
2750,15000,-1.454264835741547E-6+0.010031005754659154i
2760,15000,-9.27450631715978E-7+0.008094526123580005i
2770,15000,-6.471556174907717E-7+0.006817220484222865i
2780,15000,-4.802439138808233E-7+0.00590835206380544i
2790,15000,-3.7274781534316546E-7+0.005226233847435654i
2800,15000,-2.994026108026026E-7+0.004693562374957055i
2810,15000,-2.470916359111479E-7+0.004264576299672855i
2820,15000,-2.084512724566961E-7+0.003910456452380027i
2830,15000,-1.7908627818863566E-7+0.0036121482030835265i
2840,15000,-1.562403053704603E-7+0.0033565477509752096i
2850,15000,-1.3811297640029605E-7+0.0031343462746526037i
2860,15000,-1.2348750317474152E-7+0.0029387479358626268i
2870,15000,-1.1151729362246808E-7+0.002764674639919089i
2880,15000,-1.0159841395209155E-7+0.0026082547634758025i
2890,15000,-9.329056805469812E-8+0.002466484190231061i
2900,15000,-8.626657675190724E-8+0.0023369955041166457i
2910,15000,-8.027918481714049E-8+0.002217897105925464i
2920,15000,-7.513871578784682E-8+0.0021076587230816936i
2930,15000,-7.069770247993574E-8+0.0020050284162525266i
2940,15000,-6.684010944749972E-8+0.0019089714126665678i
2950,15000,-6.347364297723758E-8+0.0018186243460486659i
2960,15000,-6.052417716443588E-8+0.0017332605537687229i
2970,15000,-5.7931655672211724E-8+0.0016522634302135889i
2980,15000,-5.564703904558043E-8+0.0015751057309738318i
2990,15000,-5.363000364756574E-8+0.0015013333281112698i
3000,15000,-5.18471883019555E-8+0.0014305523331553157i
3010,15000,-5.027084487942134E-8+0.001362418795081934i
3020,15000,-4.887779049598584E-8+0.001296630386212024i
3030,15000,-4.764858701673079E-8+0.0012329196364123675i
3040,15000,-4.65668943928717E-8+0.0011710483829087662i
3050,15000,-4.561895776685246E-8+0.0011108031814386081i
3060,15000,-4.4793195681823E-8+0.0010519914827189876i
3070,15000,-4.4079874602238124E-8+9.944384213354512E-4i
3080,15000,-4.347084369317684E-8+9.379840973174981E-4i
3090,15000,-4.29593230821047E-8+8.824812552454883E-4i
3100,15000,-4.253973353764727E-8+8.277932849131846E-4i
3110,15000,-4.220756030250206E-8+7.737924821993523E-4i
3120,15000,-4.195924530314423E-8+7.203585200677346E-4i
3130,15000,-4.179210320035121E-8+6.673770884006505E-4i
3140,15000,-4.170425792175508E-8+6.147386680967737E-4i
3150,15000,-4.1694597306151216E-8+5.623374100613753E-4i
3160,15000,-4.176274372678182E-8+5.100700936915703E-4i
3170,15000,-4.1909039881626E-8+4.578351423212984E-4i
3180,15000,-4.2134548889728485E-8+4.055316752219124E-4i
3190,15000,-4.2441068470592505E-8+3.5305857700834E-4i
3200,15000,-4.283115982158603E-8+3.003135660257466E-4i
3210,15000,-4.3308191764064824E-8+2.4719224322914557E-4i
3220,15000,-4.387640153055666E-8+1.935871025284679E-4i
3230,15000,-4.454097446920447E-8+1.3938648220641873E-4i
3240,15000,-4.53081447037511E-8+8.447343504901273E-5i
3250,15000,-4.618532145726152E-8+2.8724491974859968E-5i
3260,15000,-4.718124393730279E-8-2.7991710053247824E-5i
3270,15000,-4.830617233246735E-8-8.581597001192013E-5i
3280,15000,-4.957212159032195E-8-1.449002757162408E-4i
3290,15000,-5.099314810882782E-8-2.0540981726439755E-4i
3300,15000,-5.25857021990376E-8-2.6752532202565865E-4i
3310,15000,-5.436906250972547E-8-3.314457868959006E-4i
3320,15000,-5.6365875358416386E-8-3.973917030408787E-4i
3330,15000,-5.8602826989639496E-8-4.656088940954762E-4i
3340,15000,-6.111148960041693E-8-5.36373123602549E-4i
3350,15000,-6.392939541372212E-8-6.099956748681443E-4i
3360,15000,-6.710140342495203E-8-6.868301727217074E-4i
3370,15000,-7.068154279646875E-8-7.672810114613523E-4i
3380,15000,-7.473529480662479E-8-8.518138928386871E-4i
3390,15000,-7.934290397614891E-8-9.40969194830519E-4i
3400,15000,-8.460383318394772E-8-0.0010353792424060708i
3410,15000,-9.064334166662953E-8-0.0011357911678528385i
3420,15000,-9.762269726093547E-8-0.001243098226807123i
3430,15000,-1.0575658503860003E-7-0.0013583849664595522i
3440,15000,-1.1534702865439802E-7-0.0014829978777082208i
3450,15000,-1.268631610455393E-7-0.001618671353786274i
3460,15000,-1.4118367563110168E-7-0.0017678044793053565i
3470,15000,-1.6065340403524474E-7-0.001934303288136127i
3480,15000,-1.9751108929387298E-7-0.0021279411213822523i
3490,15000,-7.53612804233654E-7-0.0024576402109810873i
3500,15000,-3.0926100847936263E-7-0.0024431605192138622i
3510,15000,-2.6835610387374704E-7-0.0027365245090585797i
3520,15000,-3.0161871913003886E-7-0.0030396710442491272i
3530,15000,-3.540337729102585E-7-0.003386916386914094i
3540,15000,-4.261819045105949E-7-0.003797030709185763i
3550,15000,-5.257385895176826E-7-0.004293183691315064i
3560,15000,-6.670409945582994E-7-0.004909210206256042i
3570,15000,-8.761860750179811E-7-0.005698310673099291i
3580,15000,-1.2038086488112564E-6-0.006750012938702678i
3590,15000,-1.7584894445101313E-6-0.008228014497393944i
3600,15000,-2.808730533519007E-6-0.010467377466712528i
3610,15000,-5.1774786034368636E-6-0.014278556216102004i
3620,15000,-1.2505112396619652E-5-0.02225436483672211i
3630,15000,-6.212246727425035E-5-0.04965470593781744i
3640,15000,-0.0012775301664276306+0.22501402074496651i
3650,15000,-3.0352834395493247E-5+0.03459894013389527i
3660,15000,-8.992613995653514E-6+0.018753480499906452i
3670,15000,-4.275617303376142E-6+0.01285465521030905i
3680,15000,-2.5058626603218057E-6+0.009765830030990448i
3690,15000,-1.6540400199667032E-6+0.007859938809131871i
3700,15000,-1.1791556902111556E-6+0.006562811417347529i
3710,15000,-8.873354838033437E-7+0.005620087696938065i
3720,15000,-6.951212968836298E-7+0.004901764634272071i
3730,15000,-5.617567700829158E-7+0.004334472942988593i
3740,15000,-4.6540818452653904E-7+0.003873664252625802i
3750,15000,-3.9351774313025684E-7+0.003490722965074316i
3760,15000,-3.384441955646037E-7+0.0031664262709815275i
3770,15000,-2.953199938315631E-7+0.0028873810919884113i
3780,15000,-2.6092435471799934E-7+0.002643968511050834i
3790,15000,-2.3305672961078502E-7+0.0024291005957877178i
3800,15000,-2.1017187815941178E-7+0.002237438173790223i
3810,15000,-1.9115872604664643E-7+0.0020648817578459706i
3820,15000,-1.7520170204254568E-7+0.0019082304541903747i
3830,15000,-1.616911689968978E-7+0.001764947549032132i
3840,15000,-1.5016403550218846E-7+0.0016329957700362174i
3850,15000,-1.4026345677334286E-7+0.0015107191951063965i
3860,15000,-1.3171091758767548E-7+0.0013967570858335458i
3870,15000,-1.2428653690291255E-7+0.0012899800036792728i
3880,15000,-1.1781492342270938E-7+0.0011894417564611833i
3890,15000,-1.1215488643144426E-7+0.001094342772629108i
3900,15000,-1.0719182595242043E-7+0.0010040018454526645i
3910,15000,-1.028320450031337E-7+9.178340891505095E-4i
3920,15000,-9.899844846027182E-8+8.353335612315985E-4i
3930,15000,-9.56272533028854E-8+7.56059428507862E-4i
3940,15000,-9.266545368302358E-8+6.796248515974868E-4i
3950,15000,-9.006884491606797E-8+6.056879738645446E-4i
3960,15000,-8.780048050730869E-8+5.339445527357074E-4i
3970,15000,-8.582944887100199E-8+4.6412188235286065E-4i
3980,15000,-8.412990949464235E-8+3.959737378018384E-4i
3990,15000,-8.268032277844721E-8+3.292761317706971E-4i
4000,15000,-8.146283773690429E-8+2.638237198259077E-4i
4010,15000,-8.046280433277135E-8+1.994267246719304E-4i
4020,15000,-7.966838718268634E-8+1.3590827572714987E-4i
4030,15000,-7.907026220441277E-8+7.31020800824648E-5i
4040,15000,-7.866138300277969E-8+1.085035600009087E-5i
4050,15000,-7.843680659267688E-8-5.099802844937977E-5i
4060,15000,-7.839357114688942E-8-1.1258926040068023E-4i
4070,15000,-7.853062066976077E-8-1.7406617325563332E-4i
4080,15000,-7.884877344179823E-8-2.3556976172311276E-4i
4090,15000,-7.935073283236681E-8-2.9724065581124417E-4i
4100,15000,-8.004114083578682E-8-3.592205872632286E-4i
4110,15000,-8.092667624816011E-8-4.216538817053287E-4i
4120,15000,-8.20162012103209E-8-4.846890109453351E-4i
4130,15000,-8.332096209739901E-8-5.484802423350406E-4i
4140,15000,-8.485485278938897E-8-6.131894262330287E-4i
4150,15000,-8.663475144987228E-8-6.789879684933602E-4i
4160,15000,-8.868094588760224E-8-7.460590429990881E-4i
4170,15000,-9.101766652183472E-8-8.146001102612623E-4i
4180,15000,-9.36737528223732E-8-8.848258224640982E-4i
4190,15000,-9.66834874473026E-8-9.569714145678566E-4i
4200,15000,-1.0008764148258243E-7-0.001031296706366471i
4210,15000,-1.0393479110854852E-7-0.0011080908739818688i
4220,15000,-1.0828298490257685E-7-0.0011876781942883378i
4230,15000,-1.1320186857833016E-7-0.0012704250260745572i
4240,15000,-1.1877541434703114E-7-0.0013567483739964005i
4250,15000,-1.251054566020576E-7-0.001447126493959323i
4260,15000,-1.323163163307385E-7-0.00154211215492948i
4270,15000,-1.405609132962787E-7-0.001642349391747182i
4280,15000,-1.5002893850607965E-7-0.0017485948961599679i
4290,15000,-1.6095792052207054E-7-0.0018617456449034598i
4300,15000,-1.7364841995234456E-7-0.0019828750266245453i
4310,15000,-1.8848521334560777E-7-0.0021132807197162613i
4320,15000,-2.0596732952860513E-7-0.002254549080964992i
4330,15000,-2.2675144117067616E-7-0.0024086431497010075i
4340,15000,-2.517158676843276E-7-0.0025780251047916084i
4350,15000,-2.8205720715536443E-7-0.002765830109872106i
4360,15000,-3.194401192750521E-7-0.0029761187395173578i
4370,15000,-3.662365410065379E-7-0.0032142530083070827i
4380,15000,-4.259210677881495E-7-0.003487473196130436i
4390,15000,-5.037509748745554E-7-0.003805813261417853i
4400,15000,-6.079917561757691E-7-0.004183612620468042i
4410,15000,-7.522524086796835E-7-0.004642134041546586i
4420,15000,-9.602472277296552E-7-0.00521436517910373i
4430,15000,-1.2763590987305984E-6-0.005954475900139372i
4440,15000,-1.7917471994268715E-6-0.006958221456258341i
4450,15000,-2.718906104833369E-6-0.008412621064793692i
4460,15000,-4.653122273683066E-6-0.01073936319837409i
4470,15000,-9.837666423413999E-6-0.015132992400650205i
4480,15000,-3.350570392597234E-5-0.026837404951193602i
4490,15000,-0.0014546585541365708-0.168135933526146i
4500,15000,-6.994477684443563E-5+0.03458742940730382i
4510,15000,-1.4476390296724957E-5+0.014501515891573578i
4520,15000,-6.218282605022577E-6+0.00855158187853056i
4530,15000,-3.551482182945981E-6+0.0056225436503022025i
4540,15000,-2.3888279863462632E-6+0.0038172647405778563i
4550,15000,-1.805143192814346E-6+0.002536624385943527i
4560,15000,-1.5024678872318595E-6+0.0015253409990208353i
4570,15000,-1.3681238158598428E-6+6.4808648554082E-4i
4580,15000,-1.3635811138996815E-6-1.8517657719833335E-4i
4590,15000,-1.4955746501360541E-6-0.0010541822558265506i
4600,15000,-1.8240405230352982E-6-0.0020568105456143264i
4610,15000,-2.521711805405405E-6-0.003355218055415627i
4620,15000,-4.110248030167009E-6-0.005297958667294817i
4630,15000,-8.6827840214991E-6-0.008888631030534352i
4640,15000,-3.2383504476539405E-5-0.018920295353936023i
4650,15000,-0.01401485025410542-0.41958709368008207i
4660,15000,-4.0023853926891084E-5+0.023356673605695953i
4670,15000,-9.71253201608461E-6+0.011759797222021922i
4680,15000,-4.373079920414118E-6+0.007949704929948068i
4690,15000,-2.5270883910039644E-6+0.006017979561425693i
4700,15000,-1.6735521764243676E-6+0.004830070906358113i
4710,15000,-1.2078400892777374E-6+0.004013558337275309i
4720,15000,-9.248702215665712E-7+0.003409942082882897i
4730,15000,-7.394304043235897E-7+0.00294017184537362i
4740,15000,-6.109106888062762E-7+0.002560311205811026i
4750,15000,-5.179315492818184E-7+0.002243927173285185i
4760,15000,-4.4835067167255646E-7+0.0019741222601313817i
4770,15000,-3.9484678239730736E-7+0.0017395622334025452i
4780,15000,-3.5278636756766404E-7+0.0015323407699204352i
4790,15000,-3.191171919678217E-7+0.001346760002627638i
4800,15000,-2.917599563927947E-7+0.0011785986223498768i
4810,15000,-2.692571468207259E-7+0.001024653918177497i
4820,15000,-2.505617917778019E-7+8.824448778571104E-4i
4830,15000,-2.3490579122329023E-7+7.500137184573704E-4i
4840,15000,-2.217152733851493E-7+6.257896152190679E-4i
4850,15000,-2.105546904623374E-7+5.084928948918741E-4i
4860,15000,-2.010890155293264E-7+3.970662361815626E-4i
4870,15000,-1.9305762311627503E-7+2.9062430734331634E-4i
4880,15000,-1.8625591788660184E-7+1.8841624458463944E-4i
4890,15000,-1.8052219259972507E-7+8.979723325016301E-5i
4900,15000,-1.7572809746059648E-7-5.793357080844808E-6i
4910,15000,-1.7177164584009238E-7-9.884905501050384E-5i
4920,15000,-1.6857203481887387E-7-1.8980984064670262E-4i
4930,15000,-1.6606578724584027E-7-2.790730721381902E-4i
4940,15000,-1.642038740571766E-7-3.670024463081363E-4i
4950,15000,-1.62949578594746E-7-4.539354862321408E-4i
4960,15000,-1.6227693578498037E-7-5.401899306612528E-4i
4970,15000,-1.621696293959925E-7-6.260693170870493E-4i
4980,15000,-1.6262026720053711E-7-7.118679919637419E-4i
4990,15000,-1.6362998128369354E-7-7.978757414661723E-4i
5000,15000,-1.6520832265499426E-7-8.843822098072939E-4i
5010,15000,-1.673734376735796E-7-9.716812567654073E-4i
5020,15000,-1.7015252923472947E-7-0.0010600754000183229i
5030,15000,-1.7358262723375057E-7-0.0011498804904759446i
5040,15000,-1.7771170079249537E-7-0.0012414307800265058i
5050,15000,-1.8260017920295152E-7-0.0013350845618792908i
5060,15000,-1.8832296379692847E-7-0.0014312305957995457i
5070,15000,-1.9497205323766372E-7-0.0015302955766399963i
5080,15000,-2.026599484881531E-7-0.0016327529692087858i
5090,15000,-2.1152406666099E-7-0.001739133621888813i
5100,15000,-2.2173248022898994E-7-0.001850038694924958i
5110,15000,-2.3349142175468105E-7-0.001966155610667328i
5120,15000,-2.4705517241192335E-7-0.0020882779727281193i
5130,15000,-2.62739212792927E-7-0.002217330739626464i
5140,15000,-2.809379014960364E-7-0.00235440242294405i
5150,15000,-3.02148529862054E-7-0.0025007867827673775i
5160,15000,-3.2700450499676755E-7-0.002658037528841268i
5170,15000,-3.5632181557950884E-7-0.0028280410887835477i
5180,15000,-3.9116520978018216E-7-0.003013114878354979i
5190,15000,-4.329442243116699E-7-0.0032161422148551137i
5200,15000,-4.835554802084185E-7-0.0034407609391095746i
5210,15000,-5.455985540099606E-7-0.003691632534395824i
5220,15000,-6.227122926710469E-7-0.003974834965361962i
5230,15000,-7.201148927174071E-7-0.004298451182014969i
5240,15000,-8.455019540948573E-7-0.004673477375030735i
5250,15000,-1.010601528998484E-6-0.0051152739595633715i
5260,15000,-1.2339984137594172E-6-0.005645979631720365i
5270,15000,-1.5465650198972031E-6-0.006298727199229373i
5280,15000,-2.0026574845515885E-6-0.0071254532359815645i
5290,15000,-2.705295126400653E-6-0.008212468002613302i
5300,15000,-3.869511296076961E-6-0.009714568218138785i
5310,15000,-6.007748583344855E-6-0.011939837993001641i
5320,15000,-1.0603996731691095E-5-0.015601934489865965i
5330,15000,-2.3583112507246267E-5-0.02281515119004113i
5340,15000,-9.115850996789297E-5-0.043841790910420085i
5350,15000,-0.06845179489450892-1.1681221455774322i
5360,15000,-1.0727077377241869E-4+0.044945389516741825i
5370,15000,-2.601694213073313E-5+0.0213886983191265i
5380,15000,-1.1541351611245326E-5+0.013703159372725447i
5390,15000,-6.537490750979313E-6+0.009870547860712023i
5400,15000,-4.235062009225499E-6+0.007560503590164936i
5410,15000,-2.9890220244442137E-6+0.006005995919166834i
5420,15000,-2.240211209056408E-6+0.004880566017666782i
5430,15000,-1.756192611272926E-6+0.0040216410710538315i
5440,15000,-1.4262942380219276E-6+0.0033390816959758774i
5450,15000,-1.1923885291932993E-6+0.0027788051686174382i
5460,15000,-1.0215996796005327E-6+0.002306313858933065i
5470,15000,-8.94239291136E-7+0.001898479200451773i
5480,15000,-7.979830143527589E-7+0.0015391209776114082i
5490,15000,-7.248579157452279E-7+0.0012164766098568564i
5500,15000,-6.695966093688382E-7+9.216728732766033E-4i
5510,15000,-6.287010603756169E-7+6.477559533082515E-4i
5520,15000,-5.998981955261468E-7+3.8904319630839586E-4i
5530,15000,-5.818270001038032E-7+1.4066239667178478E-4i
5540,15000,-5.73875791014112E-7-1.0180336359329E-4i
5550,15000,-5.761324973610321E-7-3.426213392638746E-4i
5560,15000,-5.894408617262042E-7-5.86210927337863E-4i
5570,15000,-6.155841867514655E-7-8.374891793274773E-4i
5580,15000,-6.576581228296791E-7-0.0011023230074793215i
5590,15000,-7.20765636541253E-7-0.001388188160710195i
5600,15000,-8.133158605520779E-7-0.001705214148445376i
5610,15000,-9.495476424824046E-7-0.002067965249022487i
5620,15000,-1.1547454848685575E-6-0.0024986990414132765i
5630,15000,-1.4769587076742774E-6-0.003033817745702307i
5640,15000,-2.0163993960468996E-6-0.003737933279932618i
5650,15000,-3.011068394275118E-6-0.004738663414521587i
5660,15000,-5.1458479918695344E-6-0.006329506115770361i
5670,15000,-1.1123357727559936E-5-0.009371520110985162i
5680,15000,-4.142025248916955E-5-0.017956905809196132i
5690,15000,-0.010954776562425054-0.285748315686835i
5700,15000,-5.434013440322213E-5+0.01944502539853985i
5710,15000,-1.2904475005436538E-5+0.009016397888172064i
5720,15000,-5.751987472046209E-6+0.005639705019065367i
5730,15000,-3.3059625127703914E-6+0.003938275994390946i
5740,15000,-2.186407600020785E-6+0.002893647615795799i
5750,15000,-1.5823907976927227E-6+0.0021736687157466426i
5760,15000,-1.2201951685516203E-6+0.0016376492644692064i
5770,15000,-9.865491974426942E-7+0.0012157073260606068i
5780,15000,-8.2768684144177E-7+8.691385597814223E-4i
5790,15000,-7.154306258284979E-7+5.747185466137133E-4i
5800,15000,-6.338674634066399E-7+3.1761648201434977E-4i
5810,15000,-5.734747405845018E-7+8.786898054178013E-5i
5820,15000,-5.282904704124763E-7-1.2151322962570678E-4i
5830,15000,-4.944508512017575E-7-3.1562671874772367E-4i
5840,15000,-4.69391068482607E-7-4.983263862910812E-4i
5850,15000,-4.5138938182513894E-7-6.726365106526361E-4i
5860,15000,-4.3929977260266166E-7-8.410229038056452E-4i
5870,15000,-4.323949770981031E-7-0.0010055831351506541i
5880,15000,-4.302800499631999E-7-0.0011681892652508552i
5890,15000,-4.328581335683284E-7-0.0013306062742506008i
5900,15000,-4.403453724297876E-7-0.0014946049729697491i
5910,15000,-4.533482591750463E-7-0.0016620895096619525i
5920,15000,-4.730437395270145E-7-0.0018352684670130549i
5930,15000,-5.015612647178507E-7-0.00201692196977279i
5940,15000,-5.428161834553841E-7-0.002210875323203306i
5950,15000,-6.04480814316029E-7-0.002422943123895448i
5960,15000,-7.032546470380542E-7-0.0026630630379433163i
5970,15000,-8.816532522820144E-7-0.0029509347408622905i
5980,15000,-1.2776096421079667E-6-0.0033346170331045952i
5990,15000,-2.5791240933695673E-6-0.003979008063204327i
6000,15000,-1.5315658099525045E-5-0.006149634532754833i
6010,15000,-3.192604233491589E-5+0.0012881957906483623i
6020,15000,-3.3403292339818277E-6-0.0021831653333574054i
6030,15000,-1.6847059713573667E-6-0.0029980997734224803i
6040,15000,-1.3249748391483366E-6-0.0035212860094927887i
6050,15000,-1.2570242827840338E-6-0.003977558997223245i
6060,15000,-1.3090041531493283E-6-0.004432461868780319i
6070,15000,-1.4396345735766995E-6-0.004919078908517252i
6080,15000,-1.6451870358526816E-6-0.005463383086718766i
6090,15000,-1.941431702627476E-6-0.006093398197666375i
6100,15000,-2.363582818595431E-6-0.006845609694579939i
6110,15000,-2.9767005171975792E-6-0.007773062121972274i
6120,15000,-3.902063384545137E-6-0.008959347346382434i
6130,15000,-5.38136867004459E-6-0.010546907137359398i
6140,15000,-7.9502616283374E-6-0.012802116672228312i
6150,15000,-1.2996103051073167E-5-0.016289741182439425i
6160,15000,-2.5097231249819336E-5-0.02245595112120238i
6170,15000,-6.762418616169499E-5-0.036452613917897676i
6180,15000,-5.255514688409602E-4-0.10018785645416503i
6190,15000,-8.594461698235203E-4+0.12592981045118176i
6200,15000,-8.062141678609431E-5+0.03779526399857717i
6210,15000,-2.8304917978745575E-5+0.021875903298347026i
6220,15000,-1.4382297769079558E-5+0.015183238439321763i
6230,15000,-8.73486451989449E-6+0.011482176891468646i
6240,15000,-5.897352340066456E-6+0.009122659761828461i
6250,15000,-4.272358758056484E-6+0.007479539864173318i
6260,15000,-3.2556126458315147E-6+0.006263745261139341i
6270,15000,-2.5774770492155567E-6+0.00532316935981368i
6280,15000,-2.102857772775305E-6+0.0045701208186575545i
6290,15000,-1.7579830290570382E-6+0.003950470511798974i
6300,15000,-1.4997910402598288E-6+0.003428980344374617i
6310,15000,-1.30177366678077E-6+0.002981707942042947i
6320,15000,-1.146889916994599E-6+0.0025918016726296446i
6330,15000,-1.0237838235959638E-6+0.002247042369371275i
6340,15000,-9.246561445793743E-7+0.0019383397572722227i
6350,15000,-8.440122727552139E-7+0.001658776974824089i
6360,15000,-7.778972359219485E-7+0.0014029830805033737i
6370,15000,-7.234129132778522E-7+0.0011667088983305998i
6380,15000,-6.784047525335394E-7+9.465328163463479E-4i
6390,15000,-6.412536177271103E-7+7.396518303452425E-4i
6400,15000,-6.107347571562563E-7+5.437297524105375E-4i
6410,15000,-5.859208234871511E-7+3.567844448252805E-4i
6420,15000,-5.661146101815344E-7+1.7710204242598113E-4i
6430,15000,-5.508024524865507E-7+3.1699507188443397E-6i
6440,15000,-5.39622512408456E-7-1.6637716040795262E-4i
6450,15000,-5.323443469463109E-7-3.328025997421202E-4i
6460,15000,-5.288575968214083E-7-4.973074027175816E-4i
6470,15000,-5.291687594637459E-7-6.610673024321788E-4i
6480,15000,-5.334059595864872E-7-8.252694158375622E-4i
6490,15000,-5.418325956247345E-7-9.911512062089963E-4i
6500,15000,-5.548719188741262E-7-0.0011600446721290758i
6510,15000,-5.731462259001318E-7-0.0013334295117363828i
6520,15000,-5.975368160300877E-7-0.0015130003999392766i
6530,15000,-6.292748514038784E-7-0.0017007558274239514i
6540,15000,-6.700799858223935E-7-0.001899119782751804i
6550,15000,-7.223754346319283E-7-0.0021111140098490763i
6560,15000,-7.896296882689812E-7-0.0023406097118434522i
6570,15000,-8.769159915355658E-7-0.0025927074468577735i
6580,15000,-9.91862168810108E-7-0.002874330853317003i
6590,15000,-1.1463344006126752E-6-0.003195191591755317i
6600,15000,-1.359580734622989E-6-0.0035694303377660813i
6610,15000,-1.6644800456894455E-6-0.004018562285360056i
6620,15000,-2.120966240916831E-6-0.00457712507952771i
6630,15000,-2.8478496438243526E-6-0.005304448131252373i
6640,15000,-4.108681748706649E-6-0.006311995784722178i
6650,15000,-6.589048990609553E-6-0.007837139328973983i
6660,15000,-1.2570084469919645E-5-0.010491654761710248i
6670,15000,-3.389619004733763E-5-0.016482675515407334i
6680,15000,-2.790522598959012E-4-0.04457224556922621i
6690,15000,-3.6554571836046654E-4+0.047242022850418924i
6700,15000,-3.75271386154171E-5+0.013723910166057686i
6710,15000,-1.3580099461428978E-5+0.0072899322490534305i
6720,15000,-7.109670947204258E-6+0.004499924279020991i
6730,15000,-4.475812982705773E-6+0.002903483520512055i
6740,15000,-3.1571293914611627E-6+0.001842678138960865i
6750,15000,-2.410288256709933E-6+0.0010660899616640018i
6760,15000,-1.9528563875006903E-6+4.5653122109439446E-4i
6770,15000,-1.658657166669966E-6-4.830229372871042E-5i
6780,15000,-1.4646602705282657E-6-4.8490764245090673E-4i
6790,15000,-1.3367899731176779E-6-8.764059589892091E-4i
6800,15000,-1.2556153559332325E-6-0.001238496573648299i
6810,15000,-1.2097555201466407E-6-0.001582579832470869i
6820,15000,-1.1926234282542309E-6-0.0019175321946907162i
6830,15000,-1.2007557127999774E-6-0.002250801816933558i
6840,15000,-1.2329703743643286E-6-0.0025891544719444295i
6850,15000,-1.2900130244348281E-6-0.0029392501630461547i
6860,15000,-1.3745513961287708E-6-0.0033081646031416887i
6870,15000,-1.4914939719208888E-6-0.0037039460985099732i
6880,15000,-1.6487058930596414E-6-0.004136303235790252i
6890,15000,-1.8583205791714226E-6-0.004617552659243068i
6900,15000,-2.1390620004372378E-6-0.00516403378845919i
6910,15000,-2.5204276180709835E-6-0.005798357047705693i
6920,15000,-3.050541939437774E-6-0.006553185873226831i
6930,15000,-3.8117912232420593E-6-0.007477988279431942i
6940,15000,-4.954399079771716E-6-0.008651943143690439i
6950,15000,-6.775917250080093E-6-0.010210776421175316i
6960,15000,-9.93530556047905E-6-0.012408980863415416i
6970,15000,-1.6142347031404534E-5-0.01578726776722049i
6980,15000,-3.1062359275015075E-5-0.02173456268220004i
6990,15000,-8.38701956166746E-5-0.035230844497355626i
7000,15000,-6.72010343697587E-4-0.09772450802460356i
7010,15000,-9.763712627899083E-4+0.11456477148373725i
7020,15000,-9.608956458312395E-5+0.03464829029065956i
7030,15000,-3.428409417438409E-5+0.019737248224442755i
7040,15000,-1.7742726409467375E-5+0.013357111894552444i
7050,15000,-1.106714796333637E-5+0.009747191144174558i
7060,15000,-7.778396099689185E-6+0.007366599970539376i
7070,15000,-5.985560879241854E-6+0.005622650143309869i
7080,15000,-4.990018860263562E-6+0.0042310325251825286i
7090,15000,-4.512008678873544E-6+0.003027107184358441i
7100,15000,-4.473914695089569E-6+0.0018910124830893219i
7110,15000,-4.97038103608924E-6+7.023835472238518E-4i
7120,15000,-6.4111259317737515E-6-7.164616583484541E-4i
7130,15000,-1.0221466825293281E-5-0.0027462134041901774i
7140,15000,-2.320747594537413E-5-0.006600070898412148i
7150,15000,-1.2886571483333703E-4-0.020257415410163578i
7160,15000,-7.497693095108069E-4+0.057209558410764305i
7170,15000,-3.955768266492512E-5+0.014397276831753463i
7180,15000,-1.323857643962327E-5+0.008723487806224384i
7190,15000,-6.8561021412153805E-6+0.006368550034880359i
7200,15000,-4.34694056712956E-6+0.00502337322379195i
7210,15000,-3.0965159129933054E-6+0.004122202716205333i
7220,15000,-2.3777669312270636E-6+0.003457743244816938i
7230,15000,-1.923317450064697E-6+0.002935601351145358i
7240,15000,-1.615878171170492E-6+0.002506347723344426i
7250,15000,-1.3972752879719769E-6+0.0021414137712192686i
7260,15000,-1.2359090678379547E-6+0.0018230184470155585i
7270,15000,-1.1133676591095348E-6+0.0015394330880661626i
7280,15000,-1.0183096515690035E-6+0.0012825476025266195i
7290,15000,-9.434282108832991E-7+0.0010465280655472672i
7300,15000,-8.838409549909349E-7+8.270324747727542E-4i
7310,15000,-8.361879746572231E-7+6.207299968109534E-4i
7320,15000,-7.981029771766599E-7+4.249938161256455E-4i
7330,15000,-7.678911416667923E-7+2.3769758773454163E-4i
7340,15000,-7.443266029039512E-7+5.7075947865480155E-5i
7350,15000,-7.26521930271301E-7-1.1837420396320676E-4i
7360,15000,-7.138425506236867E-7-2.899658896432239E-4i
7370,15000,-7.058502866222233E-7-4.5887672952431036E-4i
7380,15000,-7.022665404808539E-7-6.261920513628262E-4i
7390,15000,-7.029494264475373E-7-7.929405123096332E-4i
7400,15000,-7.078814818534776E-7-9.601251965093262E-4i
7410,15000,-7.171661613824316E-7-0.0011287525033588793i
7420,15000,-7.310324610861083E-7-0.0012998608190170641i
7430,15000,-7.49848022002066E-7-0.0014745508948840413i
7440,15000,-7.741420919312646E-7-0.0016540200219193422i
7450,15000,-8.046409948279559E-7-0.0018396025143866145i
7460,15000,-8.423205107613466E-7-0.002032819777288293i
7470,15000,-8.884822178095682E-7-0.0022354444761205675i
7480,15000,-9.44865022331185E-7-0.0024495853170731804i
7490,15000,-1.0138099942329317E-6-0.0026778021378421105i
7500,15000,-1.098508333916252E-6-0.002923266214604529i
7510,15000,-1.2033829379931021E-6-0.0031899893847493165i
7520,15000,-1.33469172434461E-6-0.003483160542086466i
7530,15000,-1.5015125728530287E-6-0.0038096547059983405i
7540,15000,-1.7174125310516429E-6-0.004178829293867739i
7550,15000,-2.0034038664240514E-6-0.0046038183473567145i
7560,15000,-2.3934601251224667E-6-0.005103733042125014i
7570,15000,-2.9454805451207412E-6-0.005707610675164906i
7580,15000,-3.7648508892770583E-6-0.006461986632019381i
7590,15000,-5.060330871353561E-6-0.007446677933951871i
7600,15000,-7.295030665647564E-6-0.008811480452954148i
7610,15000,-1.16748771693966E-5-0.010875317485484001i
7620,15000,-2.2222203154487483E-5-0.014461043450554309i
7630,15000,-5.994189105849358E-5-0.022548452888038785i
7640,15000,-5.034238027950335E-4-0.060862290894149074i
7650,15000,-6.108850126612637E-4+0.060905931126721775i
7660,15000,-6.477285389021214E-5+0.017420112261116227i
7670,15000,-2.3880779774912164E-5+0.008856122591191413i
7680,15000,-1.2852548434040605E-5+0.005054890025635625i
7690,15000,-8.441477461815928E-6+0.0028016956354764925i
7700,15000,-6.331685875755739E-6+0.001224005198063038i
7710,15000,-5.257865433507608E-6-1.890215408706235E-5i
7720,15000,-4.753584416697955E-6-0.0010944454787968i
7730,15000,-4.632652496094812E-6-0.0021030261864563166i
7740,15000,-4.83711190909929E-6-0.0031195078467320192i
7750,15000,-5.394379633166882E-6-0.004215228117793485i
7760,15000,-6.426465770879969E-6-0.005476480468346005i
7770,15000,-8.217177711871009E-6-0.007030389350298431i
7780,15000,-1.141224440466462E-5-0.00909657960087812i
7790,15000,-1.7652727042693122E-5-0.01211711271141395i
7800,15000,-3.208923432896282E-5-0.01716714693438652i
7810,15000,-7.839997231087146E-5-0.027775316966046074i
7820,15000,-4.2879221010104105E-4-0.06641892526578413i
7830,15000,-0.0036289048994734546+0.1955443152242572i
7840,15000,-1.5201214073783085E-4+0.04016489437213736i
7850,15000,-4.771803638004569E-5+0.022408671621109155i
7860,15000,-2.3292946067451993E-5+0.015483380014744611i
7870,15000,-1.3909920655953822E-5+0.01175781127538531i
7880,15000,-9.334422634854667E-6+0.009407681822964005i
7890,15000,-6.762277418361527E-6+0.00777467356322017i
7900,15000,-5.172729051257752E-6+0.006563044100161455i
7910,15000,-4.1218800683794695E-6+0.005620079295392696i
7920,15000,-3.391409267727213E-6+0.004858852456202014i
7930,15000,-2.8637549821488965E-6+0.0042261638839798535i
7940,15000,-2.4710512173937914E-6+0.003687564533090561i
7950,15000,-2.1719060583235014E-6+0.00321970669815825i
7960,15000,-1.9399323471502166E-6+0.0028061527439528873i
7970,15000,-1.7576944444201373E-6+0.002434943782746085i
7980,15000,-1.6133352645228373E-6+0.0020971204125033146i
7990,15000,-1.4986106831540537E-6+0.0017857849514592618i
8000,15000,-1.4077013229018756E-6+0.00149548464502974i
8010,15000,-1.3364734427546041E-6+0.001221791587958975i
8020,15000,-1.2820104851945118E-6+9.610062515833685E-4i
8030,15000,-1.242315111127759E-6+7.099397447420727E-4i
8040,15000,-1.216124545855243E-6+4.6574595187122945E-4i
8050,15000,-1.202807110596671E-6+2.2578383567319318E-4i
8060,15000,-1.202323752282367E-6-1.2504797705043286E-5i
8070,15000,-1.215250173124872E-6-2.5171453676127626E-4i
8080,15000,-1.2428661468262817E-6-4.946050759122535E-4i
8090,15000,-1.287331944627682E-6-7.442542133377387E-4i
8100,15000,-1.351991753535335E-6-0.0010042554325466568i
8110,15000,-1.441878009571557E-6-0.0012789908759515177i
8120,15000,-1.5645535344063516E-6-0.0015740299821751695i
8130,15000,-1.7315522354305046E-6-0.0018967406391417938i
8140,15000,-1.960937500998152E-6-0.002257271039736626i
8150,15000,-2.2820718189707787E-6-0.0026702068098105707i
8160,15000,-2.745066519254868E-6-0.0031575281344300276i
8170,15000,-3.440982434205482E-6-0.0037542490220408976i
8180,15000,-4.549398300976196E-6-0.004520097250267477i
8190,15000,-6.465617498451819E-6-0.005566442932955071i
8200,15000,-1.020623312912781E-5-0.007128185484403802i
8210,15000,-1.9091141210362492E-5-0.009801972202017437i
8220,15000,-4.972888572313834E-5-0.015681676875247325i
8230,15000,-3.562672658846688E-4-0.040983107647750816i
8240,15000,-7.575108157699723E-4+0.057400609946249695i
8250,15000,-6.427095053012303E-5+0.01577152412105663i
8260,15000,-2.2501951407097053E-5+0.00862062897726855i
8270,15000,-1.1637284281055917E-5+0.005587495215323633i
8280,15000,-7.289108850605984E-6+0.003866170242819344i
8290,15000,-5.13323584495979E-6+0.0027258590575858607i
8300,15000,-3.9203392798652385E-6+0.0018914321201975682i
8310,15000,-3.181673192108755E-6+0.0012357352836351568i
8320,15000,-2.709821921864808E-6+6.914581488324103E-4i
8330,15000,-2.402180055998023E-6+2.1917153730286287E-4i
8340,15000,-2.204097979530667E-6-2.0626451021695379E-4i
8350,15000,-2.085391066827605E-6-6.022227754824526E-4i
8360,15000,-2.0298069259522794E-6-9.817926097717346E-4i
8370,15000,-2.030265568671177E-6-0.0013558819828095627i
8380,15000,-2.0872166930958685E-6-0.0017347311247907877i
8390,15000,-2.2094256701082446E-6-0.0021293310588498164i
8400,15000,-2.417987870573409E-6-0.0025532396208525618i
8410,15000,-2.756943981586463E-6-0.0030256270472712554i
8420,15000,-3.3212777762419716E-6-0.0035775267734675415i
8430,15000,-4.340820264934637E-6-0.004267131973497918i
8440,15000,-6.493499585524935E-6-0.005225741300229243i
8450,15000,-1.2592087965665343E-5-0.006844884539007009i
8460,15000,-4.710302095426638E-5-0.011155596598982707i
8470,15000,-0.010842368786666156+0.11313931558486623i
8480,15000,-3.844629135810835E-5+0.0021677904390636155i
8490,15000,-1.2973573657460262E-5-0.0016840481001863619i
8500,15000,-8.572907709343816E-6-0.003516465628781047i
8510,15000,-7.782251487838349E-6-0.004948127489486819i
8520,15000,-8.505229541980139E-6-0.0063821603040324654i
8530,15000,-1.0601358447206406E-5-0.008059512323907064i
8540,15000,-1.4908824799607243E-5-0.010279511501944958i
8550,15000,-2.4285629504825263E-5-0.013632826008603341i
8560,15000,-5.00060087827061E-5-0.01975456280307197i
8570,15000,-1.7307741102653472E-4-0.03602796311220916i
8580,15000,-0.0149177954906036-0.31521507804036014i
8590,15000,-2.8141596220924666E-4+0.038522881786234274i
8600,15000,-6.705621128561557E-5+0.014999248070898625i
8610,15000,-3.488015483652829E-5+0.00680670246375361i
8620,15000,-2.847751349368958E-5+0.001520531821857508i
8630,15000,-3.565411021393729E-5-0.003804516743214721i
8640,15000,-7.544860366875564E-5-0.012507759486159148i
8650,15000,-4.86631137891882E-4-0.04487377369331535i
8660,15000,-0.001168553710593316+0.08308068330078738i
8670,15000,-9.586080031536176E-5+0.026219531920223922i
8680,15000,-3.417682389865637E-5+0.016501055873740605i
8690,15000,-1.8011554638934865E-5+0.012296674012348631i
8700,15000,-1.1403660511530696E-5+0.009874322835238836i
8710,15000,-8.026183519002367E-6+0.008261916916437727i
8720,15000,-6.049673833819805E-6+0.0070909735941477444i
8730,15000,-4.783413714167458E-6+0.006189672328708913i
8740,15000,-3.918142900401065E-6+0.005466421207202081i
8750,15000,-3.297823536631375E-6+0.0048675726530798095i
8760,15000,-2.8364260682212918E-6+0.004359423651306821i
8770,15000,-2.4831567235614486E-6+0.003919621766948087i
8780,15000,-2.2063472922856724E-6+0.003532687670469911i
8790,15000,-1.9853602136192853E-6+0.0031875161192723074i
8800,15000,-1.806245266545915E-6+0.0028759011752597418i
8810,15000,-1.6592793830483423E-6+0.002591624756705261i
8820,15000,-1.5375082029570303E-6+0.002329871013182091i
8830,15000,-1.4358473341013732E-6+0.002086837326674777i
8840,15000,-1.3505097181816112E-6+0.001859468357064385i
8850,15000,-1.278630181587844E-6+0.0016452695343906185i
8860,15000,-1.218012863839306E-6+0.0014421732605459615i
8870,15000,-1.1669577682553244E-6+0.0012484409173100148i
8880,15000,-1.1241392403080254E-6+0.0010625897010178554i
8890,15000,-1.0885195614863699E-6+8.833369744128984E-4i
8900,15000,-1.0592867559092125E-6+7.095571577562729E-4i
8910,15000,-1.0358094351529266E-6+5.40247694613393E-4i
8920,15000,-1.017603940586626E-6+3.7450162859183815E-4i
8930,15000,-1.00431057546045E-6+2.1148499845046695E-4i
8940,15000,-9.956767507891154E-7+5.04177132778196E-5i
8950,15000,-9.915455943379657E-7-1.0944312311714699E-4i
8960,15000,-9.918490879683588E-7-2.6881826466429107E-4i
8970,15000,-9.96605181857173E-7-4.2842044856131076E-4i
8980,15000,-1.005918652591236E-6-5.889682185390899E-4i
8990,15000,-1.0199857783273516E-6-7.512000484507932E-4i
9000,15000,-1.0391031787182202E-6-9.158893932245101E-4i
9010,15000,-1.0636815260124253E-6-0.0010838613684715766i
9020,15000,-1.0942652491501884E-6-0.001256011892904217i
9030,15000,-1.1315599280201333E-6-0.0014333303362872789i
9040,15000,-1.1764698737134056E-6-0.0016169270276363758i
9050,15000,-1.2301495610852147E-6-0.0018080674378395387i
9060,15000,-1.2940743126366624E-6-0.0020082155274454318i
9070,15000,-1.3701382977715849E-6-0.002219089754548407i
9080,15000,-1.4607920588474953E-6-0.0024427367480911798i
9090,15000,-1.5692384155409649E-6-0.0026816299624325382i
9100,15000,-1.6997164730840277E-6-0.002938804234784595i
9110,15000,-1.8579217526828739E-6-0.003218042924108683i
9120,15000,-2.0516421569135826E-6-0.003524143742113373i
9130,15000,-2.2917462273289674E-6-0.0038633052970628947i
9140,15000,-2.593765589471406E-6-0.004243704109743003i
9150,15000,-2.9805178522816986E-6-0.0046763820787997104i
9160,15000,-3.486632114076683E-6-0.005176659315757258i
9170,15000,-4.166734918239591E-6-0.00576647606384421i
9180,15000,-5.111117253480782E-6-0.00647846586713766i
9190,15000,-6.477852713802874E-6-0.007363465403130382i
9200,15000,-8.564533082600665E-6-0.008505401461533285i
9210,15000,-1.1987162503103915E-5-0.010053671991097963i
9220,15000,-1.819743907464557E-5-0.01230286051667013i
9230,15000,-3.133076929027688E-5-0.015926536909008335i
9240,15000,-6.743690918810318E-5-0.022877869182161954i
9250,15000,-2.4345031416035215E-4-0.04218624208467659i
9260,15000,-0.02751284505091476-0.4298788636341725i
9270,15000,-3.70955620910823E-4+0.04744567143200206i
9280,15000,-8.408746691594892E-5+0.021104860033800094i
9290,15000,-3.692648731588924E-5+0.012820437922672595i
9300,15000,-2.11439285894778E-5+0.008678664423481048i
9310,15000,-1.4062849185394566E-5+0.006129738024171173i
9320,15000,-1.0345589676995267E-5+0.004351162195661226i
9330,15000,-8.213869857263934E-6+0.0029947860665630994i
9340,15000,-6.942944907657189E-6+0.0018856409458877503i
9350,15000,-6.198574254826725E-6+9.235662977686334E-4i
9360,15000,-5.817258593764978E-6+4.4024707200363073E-5i
9370,15000,-5.722548638555598E-6-8.001703259197213E-4i
9380,15000,-5.8919243509196845E-6-0.0016489290140444801i
9390,15000,-6.347260936433924E-6-0.002541913216611729i
9400,15000,-7.161859917472444E-6-0.003525326830139424i
9410,15000,-8.48844293418447E-6-0.00466106471563518i
9420,15000,-1.062868152271639E-5-0.006042451334510528i
9430,15000,-1.4207477253327254E-5-0.00782624945882514i
9440,15000,-2.0663533662507514E-5-0.010308027479520754i
9450,15000,-3.39210868212486E-5-0.014133228780156722i
9460,15000,-6.811072248666209E-5-0.02105798800814455i
9470,15000,-2.104465390025843E-4-0.03824450492968517i
9480,15000,-0.004233878867170526-0.17294232067193355i
9490,15000,-6.821878566024955E-4+0.06571972515701394i
9500,15000,-1.9166985397766796E-4+0.021139964129269894i
9510,15000,-0.0012037718825181347+0.05227495423086578i
9520,15000,-5.883234221357403E-5+0.019614869495418165i
9530,15000,-2.6362916402966595E-5+0.014145682340510045i
9540,15000,-1.6285080363036606E-5+0.011240062105112029i
9550,15000,-1.1483247046646391E-5+0.00932391104022573i
9560,15000,-8.780546569736225E-6+0.007920603271725231i
9570,15000,-7.157258857573774E-6+0.006816358821380992i
9580,15000,-6.224571928258666E-6+0.00589034608366058i
9590,15000,-5.903466507771771E-6+0.0050539803749022226i
9600,15000,-6.5115630086933135E-6+0.004206226361651499i
9610,15000,-9.937515866834277E-6+0.0031234567991515636i
9620,15000,-3.677793095879577E-5+6.042304228343448E-4i
9630,15000,-5.451442072042911E-4+0.019082424302840024i
9640,15000,-1.7460944033762264E-5+0.006192863967761116i
9650,15000,-6.62096851863753E-6+0.004748355163635358i
9660,15000,-4.069336339810968E-6+0.00404529747734705i
9670,15000,-3.028482667517864E-6+0.0035686560720746443i
9680,15000,-2.4742501022463123E-6+0.0031970679648461084i
9690,15000,-2.1293039391271596E-6+0.0028858766694924588i
9700,15000,-1.8922703046691418E-6+0.002614172925560716i
9710,15000,-1.7183370947311857E-6+0.0023705116835503006i
9720,15000,-1.5848635847568819E-6+0.002147898149192756i
9730,15000,-1.4792117953124665E-6+0.0019416937215915582i
9740,15000,-1.3937623517880593E-6+0.0017486242489273586i
9750,15000,-1.3236340364840852E-6+0.0015662627892939565i
9760,15000,-1.26554511416985E-6+0.0013927382715381298i
9770,15000,-1.2172029129012616E-6+0.0012265606971888791i
9780,15000,-1.1769567287094594E-6+0.0010665105545989014i
9790,15000,-1.1435904523675662E-6+9.11565607649713E-4i
9800,15000,-1.1161933962630596E-6+7.608504660182035E-4i
9810,15000,-1.0940769719984698E-6+6.136005924830635E-4i
9820,15000,-1.0767193863734528E-6+4.691357605096695E-4i
9830,15000,-1.0637281161414096E-6+3.268398617981263E-4i
9840,15000,-1.0548140734389195E-6+1.8614506478465922E-4i
9850,15000,-1.0497737347742128E-6+4.6518989434522165E-5i
9860,15000,-1.0484768998233863E-6-9.254602471533407E-5i
9870,15000,-1.0508585994230593E-6-2.3154222017906373E-4i
9880,15000,-1.0569142141611452E-6-3.7095478985525786E-4i
9890,15000,-1.0666972254706393E-6-5.112697041261802E-4i
9900,15000,-1.0803192748698413E-6-6.529813251928036E-4i
9910,15000,-1.0979524000219774E-6-7.966001033680012E-4i
9920,15000,-1.1198334779146262E-6-9.426606397754361E-4i
9930,15000,-1.1462710578594366E-6-0.0010917304101117629i
9940,15000,-1.1776549285086528E-6-0.0012444194744123342i
9950,15000,-1.2144689480084398E-6-0.0014013915501220507i
9960,15000,-1.2573079041032693E-6-0.001563376904125728i
9970,15000,-1.3068994715054314E-6-0.001731187631640869i
9980,15000,-1.3641327509841343E-6-0.0019057360461402274i
9990,15000,-1.430095454512198E-6-0.0020880571219893842i
10000,15000,-1.5061226079853134E-6-0.0022793362342559084i
