% Model,Untitled.mph
% Version,COMSOL 6.1.0.357
% Date,"Nov 9 2023, 17:38"
% Table,sweep10kd1 - 
% freq (Hz),"Total acoustic pressure (Pa), Pressure","Total acoustic velocity, z-component (m^3/s), Velocity"
10,11000,-3.24489649228272E-5-0.0018570206172955283i
20,11000,-9.271615850765933E-5-0.0037106376788932378i
30,11000,-1.53432068131388E-4-0.0055981502695875065i
40,11000,-2.0638519347021268E-4-0.0075740179346659945i
50,11000,-2.5279857413895175E-4-0.009692301758372008i
60,11000,-2.9536139465428495E-4-0.012013835987102699i
70,11000,-3.370314719994513E-4-0.014614064285718983i
80,11000,-3.8090762009180537E-4-0.017592884899259045i
90,11000,-4.304924373609422E-4-0.021089654500773367i
100,11000,-4.902884075796347E-4-0.025308360619279848i
110,11000,-5.669154851831852E-4-0.03056316932560676i
120,11000,-6.713680519089434E-4-0.03736747916745128i
130,11000,-8.2417959306572E-4-0.0466248492561592i
140,11000,-0.0010691748567912259-0.06009039510128767i
150,11000,-0.0015182724226777136-0.08168838315680398i
160,11000,-0.002550166380681954-0.12237016345637165i
170,11000,-0.0063819135143216655-0.22860744284601053i
180,11000,-0.1255255134702352-1.2380976906963688i
190,11000,-0.00689324393617926+0.38717751583275156i
200,11000,-4.663328877922403E-4+0.17234146968108197i
210,11000,1.3408739108419838E-4+0.11254539947153847i
220,11000,2.3895293930435615E-4+0.08438761051163617i
230,11000,2.482582915435942E-4+0.06796854149829293i
240,11000,2.3405546948165613E-4+0.0571869531677711i
250,11000,2.1455221150122158E-4+0.04954705313602009i
260,11000,1.9508303584553648E-4+0.04383793748761416i
270,11000,1.772166383487569E-4+0.03940092242703309i
280,11000,1.612954028233644E-4+0.035846900283877235i
290,11000,1.4725072835080697E-4+0.032931180919731726i
300,11000,1.348880024683021E-4+0.03049214349742134i
310,11000,1.2398989816878356E-4+0.028418715691301798i
320,11000,1.1435286996936859E-4+0.026632024093157344i
330,11000,1.0579813209175379E-4+0.025074498891871418i
340,11000,9.817288762633019E-5+0.023703123724367503i
350,11000,9.134806325990317E-5+0.02248510033777801i
360,11000,8.521506049222411E-5+0.0213949767770351i
370,11000,7.968250672431302E-5+0.02041269329371684i
380,11000,7.467335503058523E-5+0.01952222104795043i
390,11000,7.01224193652375E-5+0.01871059383400134i
400,11000,6.597432855858097E-5+0.017967206473009863i
410,11000,6.218184692903913E-5+0.017283297910424496i
420,11000,5.87045022467649E-5+0.01665156464004642i
430,11000,5.550746585386915E-5+0.01606586763802549i
440,11000,5.256063744452118E-5+0.01552100741822891i
450,11000,4.983789516766573E-5+0.015012549406377342i
460,11000,4.7316479111776754E-5+0.0145366869578452i
470,11000,4.497648249977256E-5+0.0140901328675537i
480,11000,4.280043005822221E-5+0.013670032678789539i
490,11000,4.077292715704962E-5+0.013273894837164154i
500,11000,3.8880366606757545E-5+0.012899533982687547i
510,11000,3.7110682612799987E-5+0.012545024577264648i
520,11000,3.545314345286896E-5+0.012208662728366572i
530,11000,3.389817608185132E-5+0.011888934561326217i
540,11000,3.243721716841913E-5+0.011584489860764567i
550,11000,3.106258610180577E-5+0.011294119979620975i
560,11000,2.976737633209295E-5+0.011016739226029873i
570,11000,2.854536206823639E-5+0.010751369100898222i
580,11000,2.7390917889404014E-5+0.01049712488485483i
590,11000,2.6298949252902988E-5+0.010253204171292822i
600,11000,2.5264832229251378E-5+0.010018877019138209i
610,11000,2.4284361076877992E-5+0.009793477459689393i
620,11000,2.3353702498364735E-5+0.009576396140095185i
630,11000,2.2469355609068967E-5+0.009367073924524178i
640,11000,2.162811680329623E-5+0.009164996304974358i
650,11000,2.082704883055312E-5+0.008969688498589607i
660,11000,2.0063453500449054E-5+0.00878071112849355i
670,11000,1.93348475218167E-5+0.008597656401551452i
680,11000,1.8638941054429254E-5+0.008420144709812172i
690,11000,1.797361861272117E-5+0.008247821593265061i
700,11000,1.7336922011115434E-5+0.008080355010450794i
710,11000,1.6727035083173347E-5+0.007917432870704136i
720,11000,1.6142269942096236E-5+0.007758760787691656i
730,11000,1.558105457965091E-5+0.007604060018635212i
740,11000,1.5041921625056374E-5+0.007453065557358872i
750,11000,1.4523498105890735E-5+0.007305524352170299i
760,11000,1.402449606921687E-5+0.007161193621699923i
770,11000,1.3543703934747451E-5+0.007019839243187355i
780,11000,1.307997846162006E-5+0.0068812341883931i
790,11000,1.263223721780217E-5+0.006745156982274325i
800,11000,1.2199451445417927E-5+0.006611390158785049i
810,11000,1.1780639216648228E-5+0.006479718686549827i
820,11000,1.1374858773168009E-5+0.006349928334594695i
830,11000,1.0981201936543022E-5+0.006221803944620785i
840,11000,1.0598787467471499E-5+0.006095127571218677i
850,11000,1.0226754236697756E-5+0.005969676444601461i
860,11000,9.864254049187453E-6+0.005845220701387436i
870,11000,9.510443932984466E-6+0.005721520817062399i
880,11000,9.16447766300578E-6+0.005598324658065472i
890,11000,8.825496234200576E-6+0.0054753640507496345i
900,11000,8.492616921247527E-6+0.005352350737044561i
910,11000,8.164920457622916E-6+0.005228971550051338i
920,11000,7.841435722099555E-6+0.005104882593619123i
930,11000,7.5211211203335694E-6+0.004979702143254314i
940,11000,7.202841568042427E-6+0.004853001894375757i
950,11000,6.885339583765302E-6+0.004724296057467507i
960,11000,6.567198426875253E-6+0.004593027622514654i
970,11000,6.246794383041435E-6+0.004458550863627678i
980,11000,5.922234067141188E-6+0.0043201087927409905i
990,11000,5.591270759991994E-6+0.004176803741970627i
1000,11000,5.251190955452782E-6+0.004027558467215029i
1010,11000,4.898657854050977E-6+0.0038710639734968774i
1020,11000,4.5294914381959425E-6+0.0037057084197472372i
1030,11000,4.138353121884076E-6+0.0035294785471276i
1040,11000,3.71828334545272E-6+0.003339820351527999i
1050,11000,3.2600063704071634E-6+0.00313343784589945i
1060,11000,2.750855105917922E-6+0.0029059952081868247i
1070,11000,2.1730537219402677E-6+0.0026516634465477617i
1080,11000,1.5008701410177027E-6+0.002362407816159002i
1090,11000,6.956839125985347E-7+0.0020268247421387302i
1100,11000,-3.030117549545972E-7+0.0016281567807535425i
1110,11000,-1.5950889349613761E-6+0.00114071735269117i
1120,11000,-3.356477837601286E-6+5.230098643114699E-4i
1130,11000,-5.924178409605824E-6-2.966741352589569E-4i
1140,11000,-1.0020590715071522E-5-0.0014539049281136246i
1150,11000,-1.7462991479906687E-5-0.0032396269681276364i
1160,11000,-3.411421772924468E-5-0.006412243419692073i
1170,11000,-8.978145584666896E-5-0.01376697819077508i
1180,11000,-7.378559119506922E-4-0.050945348568675525i
1190,11000,-5.546891960416912E-4+0.057250194825089064i
1200,11000,-4.560027491414878E-5+0.02213924913028435i
1210,11000,-8.793508343495602E-6+0.014952381188379485i
1220,11000,4.396195958379475E-8+0.011829176153201547i
1230,11000,3.1062529298498007E-6+0.010067363200047712i
1240,11000,4.344347636783525E-6+0.008926087292024472i
1250,11000,4.862806097926086E-6+0.008119632412441612i
1260,11000,5.056464372830866E-6+0.007514431449665201i
1270,11000,5.0903451666442845E-6+0.0070396801860751245i
1280,11000,5.0412711424446364E-6+0.006654341560845241i
1290,11000,4.947897927947397E-6+0.006332985264758262i
1300,11000,4.83082373764667E-6+0.00605900841527399i
1310,11000,4.701496903769593E-6+0.0058211074633326195i
1320,11000,4.566472481626317E-6+0.005611316848546077i
1330,11000,4.429573730710003E-6+0.005423858599057057i
1340,11000,4.293045424511806E-6+0.005254436893179127i
1350,11000,4.158194899044283E-6+0.00509978892980053i
1360,11000,4.02576068551813E-6+0.004957389642193317i
1370,11000,3.896130574833484E-6+0.004825252072655407i
1380,11000,3.7694736699959703E-6+0.004701789081143096i
1390,11000,3.6458218888739107E-6+0.004585715448874941i
1400,11000,3.525121018784374E-6+0.00447597722413729i
1410,11000,3.407263034570946E-6+0.004371699830558446i
1420,11000,3.2921066672874766E-6+0.004272149342071004i
1430,11000,3.179490481614414E-6+0.004176703153496541i
1440,11000,3.0692411025747635E-6+0.004084827456350113i
1450,11000,2.961178254706539E-6+0.003996059708903671i
1460,11000,2.8551176732286773E-6+0.003909994813546522i
1470,11000,2.7508725676476222E-6+0.0038262740725041426i
1480,11000,2.6482540750458407E-6+0.0037445762411494007i
1490,11000,2.54707098222533E-6+0.003664610172279004i
1500,11000,2.447128888940102E-6+0.003586108668135229i
1510,11000,2.3482289121256002E-6+0.0035088232449555466i
1520,11000,2.2501659777278946E-6+0.003432519577672459i
1530,11000,2.1527267057421727E-6+0.0033569734369174264i
1540,11000,2.0556868595645012E-6+0.00328196696131161i
1550,11000,1.9588083006826E-6+0.0032072851281948235i
1560,11000,1.8618353519408011E-6+0.0031327122973518248i
1570,11000,1.76449043832484E-6+0.0030580287059760987i
1580,11000,1.6664688248968618E-6+0.002983006789365786i
1590,11000,1.5674322121825561E-6+0.002907407190282859i
1600,11000,1.4670008695214891E-6+0.002830974299366139i
1610,11000,1.364743880137558E-6+0.0027534311373856495i
1620,11000,1.260166924150349E-6+0.0026744733442020554i
1630,11000,1.152696820713056E-6+0.002593761973997234i
1640,11000,1.041661761427178E-6+0.0025109147041823816i
1650,11000,9.262657503190232E-7+0.002425494935079076i
1660,11000,8.055551639021307E-7+0.002336998071828407i
1670,11000,6.783744504951268E-7+0.0022448340128348367i
1680,11000,5.433066534205538E-7+0.0021483044793813182i
1690,11000,3.985923752432049E-7+0.0020465732439380823i
1700,11000,2.420176320694935E-7+0.0019386264449902987i
1710,11000,7.075589723154328E-8+0.0018232188398333799i
1720,11000,-1.1885868554847066E-7+0.0016987997484639984i
1730,11000,-3.3166398473593276E-7+0.0015634090665464376i
1740,11000,-5.74169803146623E-7+0.0014145281480506687i
1750,11000,-8.553298650196751E-7+0.0012488608575991086i
1760,11000,-1.187771594026903E-6+0.00106200334305935i
1770,11000,-1.5898266859812999E-6+8.479303661019011E-4i
1780,11000,-2.0890271536438106E-6+5.981670983543041E-4i
1790,11000,-2.7284296837788318E-6+3.00396064052079E-4i
1800,11000,-3.5787572558018497E-6-6.40079556296748E-5i
1810,11000,-4.7634723234864865E-6-5.246192733042828E-4i
1820,11000,-6.5155319553962425E-6-0.0011314072063917985i
1830,11000,-9.322166728058763E-6-0.0019759989434784213i
1840,11000,-1.4359657715499638E-5-0.0032465499169151845i
1850,11000,-2.5152014704910872E-5-0.005400357803173871i
1860,11000,-5.698874883700595E-5-0.00991310208854209i
1870,11000,-2.6633044436241953E-4-0.025674447739139836i
1880,11000,-0.0036419294784780973+0.11265228243855392i
1890,11000,-9.16730199085218E-5+0.02117921010150243i
1900,11000,-2.31717963653642E-5+0.012671106239644701i
1910,11000,-8.859844970181707E-6+0.009452462738869459i
1920,11000,-3.864645728450215E-6+0.007748800632577886i
1930,11000,-1.6558116305000712E-6+0.006686798942824638i
1940,11000,-5.403812488210652E-7+0.005956189815671116i
1950,11000,6.938822072121654E-8+0.005418968799410356i
1960,11000,4.180113821604807E-7+0.005004407470979059i
1970,11000,6.206614867032332E-7+0.00467250599397636i
1980,11000,7.367417244506523E-7+0.004398935627501295i
1990,11000,7.990854270951436E-7+0.004168044793891179i
2000,11000,8.268537557086343E-7+0.003969303592912864i
2010,11000,8.317272279312141E-7+0.003795363892487918i
2020,11000,8.210832282193945E-7+0.0036409388031856133i
2030,11000,7.997185693673907E-7+0.0035021242806921493i
2040,11000,7.708270460415546E-7+0.0033759718522444744i
2050,11000,7.365761265102264E-7+0.003260210279982064i
2060,11000,6.984586441474361E-7+0.0031530588801103373i
2070,11000,6.575135032485829E-7+0.003053099077155352i
2080,11000,6.144676593630515E-7+0.0029591840038845204i
2090,11000,5.698294314322665E-7+0.0028703735723753124i
2100,11000,5.239509591109875E-7+0.0027858869695920135i
2110,11000,4.770706453633406E-7+0.002705067301957461i
2120,11000,4.2934233693277164E-7+0.002627354853462436i
2130,11000,3.808555356847669E-7+0.002552266539773723i
2140,11000,3.316494191119607E-7+0.0024793798738020918i
2150,11000,2.8172249035140384E-7+0.002408320247516941i
2160,11000,2.3103906785016174E-7+0.002338750666552424i
2170,11000,1.795334123304532E-7+0.0022703633018670696i
2180,11000,1.2711201910849486E-7+0.0022028723803884723i
2190,11000,7.365440868246887E-8+0.0021360080459610843i
2200,11000,1.9012607926715153E-8+0.0020695108972109055i
2210,11000,-3.699059658324512E-8+0.002003126959301134i
2220,11000,-9.456464647443583E-8+0.0019366028778473028i
2230,11000,-1.539555444364147E-7+0.0018696811389668122i
2240,11000,-2.1545173177903528E-7+0.001802095121280841i
2250,11000,-2.7939182284199867E-7+0.0017335637738557712i
2260,11000,-3.461746496530724E-7+0.0016637856872658062i
2270,11000,-4.162722572809143E-7+0.0015924322801835152i
2280,11000,-4.902467472786551E-7+0.0015191397559870367i
2290,11000,-5.687722288722752E-7+0.0014434993845582216i
2300,11000,-6.526636598679383E-7+0.0013650455209676027i
2310,11000,-7.429151280990099E-7+0.0012832405653189776i
2320,11000,-8.407512781371121E-7+0.0011974557658176307i
2330,11000,-9.476973582417173E-7+0.0011069463212162547i
2340,11000,-1.0656761414692279E-6+0.0010108185700469317i
2350,11000,-1.1971444572929575E-6+9.07986031199463E-4i
2360,11000,-1.3452895272977758E-6+7.971094590600683E-4i
2370,11000,-1.5143181839326994E-6+6.765134986227288E-4i
2380,11000,-1.7098953926343774E-6+5.440682320844697E-4i
2390,11000,-1.939833482868479E-6+3.9701643482900655E-4i
2400,11000,-2.2152279333686025E-6+2.3171353968357456E-4i
2410,11000,-2.5524601348530458E-6+4.3219319973968824E-5i
2420,11000,-2.9771328709850814E-6-1.7538562266501513E-4i
2430,11000,-3.5335009371769495E-6-4.3428865085813417E-4i
2440,11000,-4.318749704076187E-6-7.501916809179157E-4i
2450,11000,-5.850892220228656E-6-0.001167038062629858i
2460,11000,-5.780999593975983E-6-0.0015046638806320524i
2470,11000,-7.998741106540486E-6-0.002221898125411645i
2480,11000,-1.1417184722224427E-5-0.003156594548814073i
2490,11000,-1.772854757684362E-5-0.004586675317078917i
2500,11000,-3.2179597422382545E-5-0.007103225459794978i
2510,11000,-8.074168814118636E-5-0.012792998331720639i
2520,11000,-5.750265350659933E-4-0.03848336641590715i
2530,11000,-9.035035962049796E-4+0.05400453988935867i
2540,11000,-7.64594833804082E-5+0.017489632710069123i
2550,11000,-2.4429268958724645E-5+0.010948784542680508i
2560,11000,-1.1278353780645525E-5+0.008199988328028691i
2570,11000,-6.215995809611939E-6+0.006677797771996744i
2580,11000,-3.810401573943723E-6+0.005705049787126754i
2590,11000,-2.5139936578208797E-6+0.005025530754532633i
2600,11000,-1.7556965462036737E-6+0.0045208667225733815i
2610,11000,-1.2869068790943232E-6+0.0041288103712404664i
2620,11000,-9.86133502699214E-7+0.0038134950078187175i
2630,11000,-7.886891903850119E-7+0.0035527930280063844i
2640,11000,-6.577756807111507E-7+0.003332307684565884i
2650,11000,-5.713299802406604E-7+0.0031422639116139143i
2660,11000,-5.155473184675138E-7+0.0029757876476002266i
2670,11000,-4.814810232704806E-7+0.00282790029559561i
2680,11000,-4.6316082312657573E-7+0.0026949039749912945i
2690,11000,-4.565042621984499E-7+0.00257399110209405i
2700,11000,-4.5866272769296374E-7+0.0024629882176425873i
2710,11000,-4.6761562558011784E-7+0.0023601830692230354i
2720,11000,-4.819113834605982E-7+0.002264204943651182i
2730,11000,-5.004980941892276E-7+0.0021739399875673505i
2740,11000,-5.226104340913462E-7+0.0020884700661131447i
2750,11000,-5.47692810520482E-7+0.0020070277877495815i
2760,11000,-5.753463833740152E-7+0.0019289628341242976i
2770,11000,-6.052921714610768E-7+0.0018537163186094665i
2780,11000,-6.373452388790622E-7+0.0017808009194373632i
2790,11000,-6.713966956905792E-7+0.0017097852055613957i
2800,11000,-7.074013612372383E-7+0.0016402810224899777i
2810,11000,-7.453696689490069E-7+0.0015719331090447144i
2820,11000,-7.85362887718147E-7+0.0015044103227134383i
2830,11000,-8.274910834688945E-7+0.0014373979915203244i
2840,11000,-8.719135053690978E-7+0.0013705910035236716i
2850,11000,-9.188412918713555E-7+0.0013036873033128603i
2860,11000,-9.685425815140966E-7+0.0012363814954325359i
2870,11000,-1.0213503059929036E-6+0.0011683582611232628i
2880,11000,-1.0776731624365222E-6+0.0010992852777358837i
2890,11000,-1.1380105357674785E-6+0.0010288052873464728i
2900,11000,-1.2029725075924132E-6+9.565268867978711E-4i
2910,11000,-1.2733065986496196E-6+8.820134955296355E-4i
2920,11000,-1.349933628621386E-6+8.047697836074035E-4i
2930,11000,-1.4339961680712313E-6+7.242245839423805E-4i
2940,11000,-1.5269247098498202E-6+6.397089276428689E-4i
2950,11000,-1.6305292458245338E-6+5.50427261639002E-4i
2960,11000,-1.7471279865067403E-6+4.5541902107650907E-4i
2970,11000,-1.879731533566579E-6+3.5350634696557743E-4i
2980,11000,-2.0323117602259336E-6+2.432215369126055E-4i
2990,11000,-2.210203418555979E-6+1.2270421580432808E-4i
3000,11000,-2.4207197233318316E-6-1.0447845646753853E-5i
3010,11000,-2.674124209213387E-6-1.5940087008766899E-4i
3020,11000,-2.9852180847497256E-6-3.284257842588796E-4i
3030,11000,-3.376037277190037E-6-5.234389199064396E-4i
3040,11000,-3.880652696774314E-6-7.528950173377937E-4i
3050,11000,-4.554200795844111E-6-0.0010293337161637317i
3060,11000,-5.491057197667731E-6-0.0013722161629911036i
3070,11000,-6.86461229927293E-6-0.0018135122709298467i
3080,11000,-9.024225198654225E-6-0.0024097545072412877i
3090,11000,-1.276816852755981E-5-0.003271385481902269i
3100,11000,-2.0286553547818557E-5-0.004647465709151569i
3110,11000,-3.96517991705485E-5-0.007243512845422302i
3120,11000,-1.2434414212124967E-4-0.014155650029439347i
3130,11000,-0.004923836384434968-0.09719388953679006i
3140,11000,-2.1859275938344305E-4+0.022156400227959713i
3150,11000,-4.1349464193875165E-5+0.010282284390563565i
3160,11000,-1.62426173845172E-5+0.006770065975099755i
3170,11000,-8.504556847756386E-6+0.005045090550871597i
3180,11000,-5.272029129074337E-6+0.003985008856363779i
3190,11000,-3.7046128671839796E-6+0.0032344703546595445i
3200,11000,-2.907536391370188E-6+0.0026401322973796876i
3210,11000,-2.5506552769574466E-6+0.0021166572898852092i
3220,11000,-2.534914245025978E-6+0.0015984189113499964i
3230,11000,-2.9413226655869367E-6+0.0010066644723690508i
3240,11000,-4.238824716187098E-6+1.8953340532756286E-4i
3250,11000,-8.7721391179351E-6-0.0013162304210032844i
3260,11000,-4.407157335860702E-5-0.006430742521423605i
3270,11000,-3.433146150841306E-4+0.02635535825675492i
3280,11000,-1.5768296036324996E-5+0.007005335047678294i
3290,11000,-5.5491280416142525E-6+0.004669348036445244i
3300,11000,-3.1461168600880232E-6+0.003709384470367878i
3310,11000,-2.2280406582413468E-6+0.0031614055458543916i
3320,11000,-1.7887769851102403E-6+0.002793300141667365i
3330,11000,-1.5513086541963917E-6+0.0025206672777955785i
3340,11000,-1.414268569326224E-6+0.0023052242799176956i
3350,11000,-1.3333151071210608E-6+0.0021269634150403354i
3360,11000,-1.2865059284631032E-6+0.0019743286198480657i
3370,11000,-1.261961537621027E-6+0.0018401248689800865i
3380,11000,-1.2528028265615633E-6+0.001719599654152388i
3390,11000,-1.2548408924600847E-6+0.0016094581893624366i
3400,11000,-1.2654318526243284E-6+0.001507320488683804i
3410,11000,-1.2828705005042798E-6+0.0014114040411944192i
3420,11000,-1.3060519299217172E-6+0.001320328958745346i
3430,11000,-1.3342748549258158E-6+0.0012329930475023245i
3440,11000,-1.367124036510357E-6+0.0011484884850439748i
3450,11000,-1.4043992045823274E-6+0.0010660440837453856i
3460,11000,-1.446072820227123E-6+9.849836722170486E-4i
3470,11000,-1.4922669008011925E-6+9.046947568732035E-4i
3480,11000,-1.5432435227302974E-6+8.246036987253986E-4i
3490,11000,-1.59940624388026E-6+7.441548435714848E-4i
3500,11000,-1.6613114298785857E-6+6.627917350503571E-4i
3510,11000,-1.7296898151084686E-6+5.799389088859708E-4i
3520,11000,-1.8054798939827913E-6+4.949829100726104E-4i
3530,11000,-1.8898761798905202E-6+4.0725113394131666E-4i
3540,11000,-1.9843972661486946E-6+3.1598686796169273E-4i
3550,11000,-2.090981358195761E-6+2.203184669132753E-4i
3560,11000,-2.2121211144814333E-6+1.1921984606440502E-4i
3570,11000,-2.3510562364513545E-6+1.145827136877079E-5i
3580,11000,-2.5120530436846682E-6-1.0447650885914802E-4i
3590,11000,-2.700818463133194E-6-2.3047088989146524E-4i
3600,11000,-2.9251275058042467E-6-3.68928114052988E-4i
3610,11000,-3.1958002829494286E-6-5.22974288974973E-4i
3620,11000,-3.528271278300136E-6-6.967687066147725E-4i
3630,11000,-3.945202280075345E-6-8.959863668353473E-4i
3640,11000,-4.481020130825526E-6-0.0011285961695830277i
3650,11000,-5.190199825934343E-6-0.0014061708122656501i
3660,11000,-6.163318183671758E-6-0.001746207369033823i
3670,11000,-7.560542427469772E-6-0.002176503347390033i
3680,11000,-9.688267217757117E-6-0.002744081111645776i
3690,11000,-1.3196987368049086E-5-0.0035353328256437265i
3700,11000,-1.9683804307925693E-5-0.004728209274102828i
3710,11000,-3.403026645944229E-5-0.006757373415586927i
3720,11000,-7.799580376353777E-5-0.011038571769900581i
3730,11000,-3.8664382978427096E-4-0.026322094658862042i
3740,11000,-0.00417582339531865+0.09185306348026186i
3750,11000,-1.3785420490843999E-4+0.01760874703418571i
3760,11000,-4.035505015115548E-5+0.009952900153559851i
3770,11000,-1.8739897391809457E-5+0.007017112263330316i
3780,11000,-1.078997353075033E-5+0.005452086948379887i
3790,11000,-7.072514058347587E-6+0.004470796321700968i
3800,11000,-5.071173567718662E-6+0.0037915699517952245i
3810,11000,-3.890187987699101E-6+0.0032885160022024153i
3820,11000,-3.1479267076816527E-6+0.0028968442253392204i
3830,11000,-2.6603923829139986E-6+0.002579739811161368i
3840,11000,-2.330484375715952E-6+0.0023146626946634143i
3850,11000,-2.1033418059220286E-6+0.0020869595553655224i
3860,11000,-1.9463233590954094E-6+0.001886598888144067i
3870,11000,-1.839273654499581E-6+0.0017063713991916887i
3880,11000,-1.7694933667382068E-6+0.0015408271712455i
3890,11000,-1.7290396059021387E-6+0.0013855990790802462i
3900,11000,-1.7132855499747252E-6+0.0012369267611668623i
3910,11000,-1.7202574118053304E-6+0.0010912675212833415i
3920,11000,-1.750587716461677E-6+9.449038595523213E-4i
3930,11000,-1.8081896831336384E-6+7.934419600723787E-4i
3940,11000,-1.902165268383729E-6+6.310235949924497E-4i
3950,11000,-2.0514308025309098E-6+4.488740376154515E-4i
3960,11000,-2.2964660640324427E-6+2.3224447750512208E-4i
3970,11000,-2.733199179605478E-6-4.6990383651168874E-5i
3980,11000,-3.632606449253947E-6-4.517601961265807E-4i
3990,11000,-6.025100993977971E-6-0.0011609272624367331i
4000,11000,-1.7065783197387915E-5-0.0029732858446333455i
4010,11000,-8.957497341656748E-4-0.027842438086894555i
4020,11000,-2.9654266960197056E-5+0.005699443371973725i
4030,11000,-7.556392173476896E-6+0.0028866796801928787i
4040,11000,-4.188652718686619E-6+0.00199887828369883i
4050,11000,-3.1176026597629806E-6+0.0015353757997455036i
4060,11000,-2.6696071697964645E-6+0.0012330545992070574i
4070,11000,-2.4608088799058483E-6+0.0010084704765741727i
4080,11000,-2.3653136338853627E-6+8.266709717216988E-4i
4090,11000,-2.332385914247092E-6+6.702815021576367E-4i
4100,11000,-2.338783236600278E-6+5.295435803025005E-4i
4110,11000,-2.373058470492367E-6+3.9841238737468073E-4i
4120,11000,-2.429513137852377E-6+2.728018201263769E-4i
4130,11000,-2.505607085481381E-6+1.4970531296314003E-4i
4140,11000,-2.6007823630655085E-6+2.671128606474629E-5i
4150,11000,-2.71594047388666E-6-9.829166525485511E-5i
4160,11000,-2.8532671559153252E-6-2.2731670705345867E-4i
4170,11000,-3.0162821067479643E-6-3.6243925220015886E-4i
4180,11000,-3.2100758350489938E-6-5.059482279106338E-4i
4190,11000,-3.4417399110682925E-6-6.605142351799974E-4i
4200,11000,-3.7210037019835397E-6-8.294040558878302E-4i
4210,11000,-4.060946755700512E-6-0.0010167890708885287i
4220,11000,-4.477414039069105E-6-0.001228274996941395i
4230,11000,-4.970402168737386E-6-0.0014727219881277732i
4240,11000,-6.119153645955148E-6-0.0017444266030527298i
4250,11000,-6.823712542562869E-6-0.002089538875689166i
4260,11000,-8.132314727281144E-6-0.002509011402718046i
4270,11000,-1.0074747522799605E-5-0.003043588963254387i
4280,11000,-1.3102389830921432E-5-0.003756320128715103i
4290,11000,-1.822631422449713E-5-0.004764811688389809i
4300,11000,-2.8035138068045202E-5-0.006318247534475981i
4310,11000,-5.094692972008689E-5-0.009053686455460555i
4320,11000,-1.2916444864892788E-4-0.015232565280024642i
4330,11000,-9.346262491858124E-4-0.04302050162160913i
4340,11000,-0.0015489387643368173+0.0577677406011564i
4350,11000,-1.359372836425534E-4+0.01773215740424711i
4360,11000,-4.587896220914298E-5+0.010589693141942299i
4370,11000,-2.2665012950347843E-5+0.007589601512464683i
4380,11000,-1.352532988329842E-5+0.005927802540953489i
4390,11000,-9.06920372962223E-6+0.004865046421181543i
4400,11000,-6.5957969394700165E-6+0.004121788902917197i
4410,11000,-5.0985750551228685E-6+0.0035689123410806074i
4420,11000,-4.134835940756277E-6+0.0031385232138930537i
4430,11000,-3.485905294482987E-6+0.00279149446177914i
4440,11000,-3.0340493968042134E-6+0.002503675778021543i
4450,11000,-2.7115165367767593E-6+0.0022593409761967357i
4460,11000,-2.477196924449274E-6+0.0020477973830002358i
4470,11000,-2.305049339551982E-6+0.0018615092771375413i
4480,11000,-2.1779823932778663E-6+0.0016950008905720784i
4490,11000,-2.0844438956697748E-6+0.0015441852160171222i
4500,11000,-2.016433638605154E-6+0.0014059370489236341i
4510,11000,-1.9683013902727484E-6+0.0012778119613574312i
4520,11000,-1.9359965286955774E-6+0.0011578554913574718i
4530,11000,-1.9165872730277364E-6+0.001044469659309586i
4540,11000,-1.9079465007936738E-6+9.363166454393135E-4i
4550,11000,-1.9085441632009508E-6+8.322467677020212E-4i
4560,11000,-1.9173107788290743E-6+7.312421588350679E-4i
4570,11000,-1.9335511449758423E-6+6.323699837652564E-4i
4580,11000,-1.9568969858114705E-6+5.347402869932546E-4i
4590,11000,-1.987294602673913E-6+4.374638718429002E-4i
4600,11000,-2.0250309905853913E-6+3.396049579480844E-4i
4610,11000,-2.0708120737149926E-6+2.401213589641158E-4i
4620,11000,-2.1259246397673724E-6+1.3778057783886413E-4i
4630,11000,-2.1925501176377E-6+3.103123187642214E-5i
4640,11000,-2.274380914137612E-6-8.220985630586751E-5i
4650,11000,-2.377894018554741E-6-2.0493749713471846E-4i
4660,11000,-2.5151937310821096E-6-3.41792258275868E-4i
4670,11000,-2.7110539602943245E-6-5.006201658077927E-4i
4680,11000,-3.0230024347924034E-6-6.962123957146183E-4i
4690,11000,-3.611227615461246E-6-9.608967979743039E-4i
4700,11000,-5.069989164212556E-6-0.0013831526260043633i
4710,11000,-1.1224792934202427E-5-0.0023293142593099024i
4720,11000,-2.1233024719923758E-4-0.00968377796207377i
4730,11000,-3.244924423320065E-5+0.00268659916535093i
4740,11000,-8.903227852927123E-6+6.655301979831685E-4i
4750,11000,-5.870226499164771E-6+2.8704658696148707E-5i
4760,11000,-5.053150481168394E-6-3.444664289368538E-4i
4770,11000,-4.8513299449490215E-6-6.300059266630178E-4i
4780,11000,-4.920184606834066E-6-8.834252838882337E-4i
4790,11000,-5.1601548069387055E-6-0.0011299260471287432i
4800,11000,-5.547701420784893E-6-0.0013849658880765883i
4810,11000,-6.0955162816613654E-6-0.0016611833335189344i
4820,11000,-6.845306805235685E-6-0.0019718042250444507i
4830,11000,-7.875374844580224E-6-0.0023333721471065503i
4840,11000,-9.32383663282597E-6-0.0027692302270684336i
4850,11000,-1.1441443792755355E-5-0.0033154164529430245i
4860,11000,-1.471593176393675E-5-0.004032380055627293i
4870,11000,-2.0199137072045474E-5-0.005031478230832363i
4880,11000,-3.052473434367798E-5-0.0065445772898406855i
4890,11000,-5.3985100975042346E-5-0.00914978601191242i
4900,11000,-1.296487502087558E-4-0.01480704169394922i
4910,11000,-7.588213171369196E-4-0.037135633742137075i
4920,11000,-0.0030194517545138098+0.07615997536021533i
4930,11000,-1.7723796374539852E-4+0.018828869773945375i
4940,11000,-5.590590717389666E-5+0.010675884057769714i
4950,11000,-2.6825054196904E-5+0.007380587310554252i
4960,11000,-1.5763842449701838E-5+0.005572530518258093i
4970,11000,-1.049764410113253E-5+0.004410084721987545i
4980,11000,-7.641618830127028E-6+0.0035819986688918927i
4990,11000,-5.967627792357149E-6+0.0029447644549162847i
5000,11000,-4.952232463342765E-6+0.0024206815521605465i
5010,11000,-4.354896912325947E-6+0.001960470768329549i
5020,11000,-4.077300227459417E-6+0.0015255286453631294i
5030,11000,-4.131610441476115E-6+0.0010747507053468607i
5040,11000,-4.711208084358334E-6+5.444947434958804E-4i
5050,11000,-6.60015938053056E-6-2.088659936405876E-4i
5060,11000,-1.4091450924850142E-5-0.001684913296835577i
5070,11000,-1.072781438799454E-4-0.00820815539732049i
5080,11000,-1.2601036599930464E-4+0.011619103209887918i
5090,11000,-1.5739229585593693E-5+0.0045458541547909485i
5100,11000,-7.102528671592636E-6+0.003073699132318402i
5110,11000,-4.690881290773278E-6+0.002385670159739762i
5120,11000,-3.6835770005091593E-6+0.0019607692346019306i
5130,11000,-3.1701949804290943E-6+0.0016572997053326398i
5140,11000,-2.87779385332655E-6+0.0014204880576350785i
5150,11000,-2.7009381350316733E-6+0.0012244834105405614i
5160,11000,-2.5916754689387307E-6+0.0010553580675485346i
5170,11000,-2.5255640928378826E-6+9.0485053697111E-4i
5180,11000,-2.4890729355284886E-6+7.676808440641141E-4i
5190,11000,-2.47425011685535E-6+6.402621503921586E-4i
5200,11000,-2.476230777514671E-6+5.20026620921047E-4i
5210,11000,-2.4919787149644958E-6+4.050471221508789E-4i
5220,11000,-2.519612081243614E-6+2.938119399543572E-4i
5230,11000,-2.5580262694632646E-6+1.850832680341043E-4i
5240,11000,-2.6066782089702937E-6+7.780361908507331E-5i
5250,11000,-2.665464269452056E-6-2.8969498883368617E-5i
5260,11000,-2.734656739130436E-6-1.3611202847245836E-4i
5270,11000,-2.814880769944251E-6-2.444719276513037E-4i
5280,11000,-2.90712325953826E-6-3.549024756810909E-4i
5290,11000,-3.0127712834999175E-6-4.6829368876944843E-4i
5300,11000,-3.1336826366062108E-6-5.856046432899891E-4i
5310,11000,-3.2722962358067413E-6-7.078994164840048E-4i
5320,11000,-3.4317972099005754E-6-8.363896918357807E-4i
5330,11000,-3.616363142002784E-6-9.724878966775413E-4i
5340,11000,-3.8315400322929845E-6-0.0011178762446010352i
5350,11000,-4.0848449058974195E-6-0.0012745997151028942i
5360,11000,-4.386817202324499E-6-0.0014451959788990105i
5370,11000,-4.753144758089119E-6-0.0016328861486610332i
5380,11000,-5.210245739457912E-6-0.0018418826900004012i
5390,11000,-5.818784251708403E-6-0.0020780391758767206i
5400,11000,-6.961514025478085E-6-0.0023525669570707195i
5410,11000,-6.528336804521259E-6-0.002640107142655727i
5420,11000,-7.899525072130042E-6-0.0030192565457704073i
5430,11000,-9.43474667409573E-6-0.003468159978645518i
5440,11000,-1.1513429713850616E-5-0.004025855313420889i
5450,11000,-1.4548342430289912E-5-0.00474442731200422i
5460,11000,-1.9307923764757288E-5-0.0057132552375316744i
5470,11000,-2.7487947442521745E-5-0.007102047397165258i
5480,11000,-4.3537609267094966E-5-0.0092780834598669i
5490,11000,-8.259466055055402E-5-0.013212360670009608i
5500,11000,-2.277956396165186E-4-0.022586185929280665i
5510,11000,-0.002399499765936353-0.07506164806565338i
5520,11000,-0.0013494501562025495+0.05737577954786371i
5530,11000,-1.7229721047407737E-4+0.02077672598083902i
5540,11000,-6.303233929013012E-5+0.012653060451548022i
5550,11000,-3.232211073068916E-5+0.009061984934271246i
5560,11000,-1.9703387420578434E-5+0.007026297891238409i
5570,11000,-1.3379783507727597E-5+0.005707658216240101i
5580,11000,-9.79726476790101E-6+0.004778274969466416i
5590,11000,-7.591831132438253E-6+0.004083580255661817i
5600,11000,-6.15088871871356E-6+0.003541134091253109i
5610,11000,-5.166967338692377E-6+0.0031029269262500413i
5620,11000,-4.4723824066146E-6+0.00273908508523133i
5630,11000,-3.969597406658794E-6+0.0024300272346594047i
5640,11000,-3.598887296240249E-6+0.0021623645501120015i
5650,11000,-3.3221214419591616E-6+0.0019266128238453178i
5660,11000,-3.114107662817784E-6+0.0017158455239412718i
5670,11000,-2.957728393696685E-6+0.0015248642949854015i
5680,11000,-2.841088148226929E-6+0.0013496677357222647i
5690,11000,-2.7557801656199336E-6+0.0011870988746199341i
5700,11000,-2.6958029883682403E-6+0.0010346029707034871i
5710,11000,-2.6568701265938156E-6+8.90054754162417E-4i
5720,11000,-2.635968324293449E-6+7.51629415248774E-4i
5730,11000,-2.6310827536331166E-6+6.177000687706438E-4i
5740,11000,-2.641045814358579E-6+4.8674874491883084E-4i
5750,11000,-2.6654938867622905E-6+3.572793274320134E-4i
5760,11000,-2.7049435653161945E-6+2.2771932811833457E-4i
5770,11000,-2.7610378324862155E-6+9.629174340439675E-5i
5780,11000,-2.837086867906904E-6-3.917503720211758E-5i
5790,11000,-2.9391958619469264E-6-1.815611965028844E-4i
5800,11000,-3.0786988758783788E-6-3.3502560072160763E-4i
5810,11000,-3.2778367008561563E-6-5.06144263841547E-4i
5820,11000,-3.584615903869246E-6-7.064461412966069E-4i
5830,11000,-4.118526095055037E-6-9.589113685052359E-4i
5840,11000,-5.249099258595806E-6-0.0013182834949828494i
5850,11000,-8.631642039281614E-6-0.0019584588696880696i
5860,11000,-3.156752836077707E-5-0.003902822033945394i
5870,11000,-5.816910838184942E-4+0.013934062026726243i
5880,11000,-1.8621827731660154E-5+0.0014628651819148816i
5890,11000,-8.578131754851251E-6+2.845077695363651E-4i
5900,11000,-6.510167230215127E-6-2.4594586609399586E-4i
5910,11000,-5.926951314310577E-6-6.017557171241529E-4i
5920,11000,-5.865548890258957E-6-8.934896045753646E-4i
5930,11000,-6.085520573332322E-6-0.0011631012340736749i
5940,11000,-6.5278993032083366E-6-0.0014329039912527827i
5950,11000,-7.210451831413529E-6-0.001719411783242948i
5960,11000,-8.214470217537165E-6-0.0020394933187008074i
5970,11000,-9.7180052650256E-6-0.0024155526353234528i
5980,11000,-1.2108680625287545E-5-0.0028838755786839243i
5990,11000,-1.6367686080432467E-5-0.0035151952046300703i
6000,11000,-2.604295134649735E-5-0.004491360561463805i
6010,11000,-9.385157505224782E-5-0.007010384057765809i
6020,11000,-6.180150260029733E-5-0.007164330921289555i
6030,11000,-4.341333417154688E-4-0.019296954604948423i
6040,11000,-7.462628348420331E-4+0.02238048832901599i
6050,11000,-6.477500212102437E-5+0.005111955469403004i
6060,11000,-2.358591348729307E-5+0.001781414566386326i
6070,11000,-1.399260130091489E-5+1.3527301831979923E-4i
6080,11000,-1.124864379640677E-5-0.0010356633753377503i
6090,11000,-1.1229148817569884E-5-0.002086142351955592i
6100,11000,-1.3179384400154933E-5-0.003208319614783602i
6110,11000,-1.7728796404647532E-5-0.004597074566341818i
6120,11000,-2.7539490624338623E-5-0.0065833746952159026i
6130,11000,-5.224584027255613E-5-0.009977401707579976i
6140,11000,-1.447741998737073E-4-0.017758737482881672i
6150,11000,-0.001446827020679172-0.058780307855721324i
6160,11000,-0.0010368655784333829+0.05127753246147797i
6170,11000,-1.2925489905797215E-4+0.018404579343248382i
6180,11000,-4.851172293433903E-5+0.011322555217052227i
6190,11000,-2.5744144363468187E-5+0.00819187017917751i
6200,11000,-1.6289871031370586E-5+0.006405620736547117i
6210,11000,-1.1491874536361396E-5+0.005237872196463314i
6220,11000,-8.738427488947915E-6+0.004406132511694011i
6230,11000,-7.022688969361541E-6+0.003777442674601457i
6240,11000,-5.889708177626613E-6+0.003280897174373008i
6250,11000,-5.109529454346092E-6+0.0028751592667056237i
6260,11000,-4.555795796892091E-6+0.0025344565072423974i
6270,11000,-4.1544445057556165E-6+0.002241850514366165i
6280,11000,-3.859786078273591E-6+0.001985722257668699i
6290,11000,-3.64245274621144E-6+0.0017578114899012669i
6300,11000,-3.482934607380395E-6+0.0015520626555301903i
6310,11000,-3.367929360297132E-6+0.0013639142721504208i
6320,11000,-3.2881908664880937E-6+0.001189844194353359i
6330,11000,-3.2372155297354804E-6+0.0010270686022398143i
6340,11000,-3.210417280449523E-6+8.733365241356298E-4i
6350,11000,-3.2045988272392303E-6+7.267854125953163E-4i
6360,11000,-3.217609588086536E-6+5.858365947973619E-4i
6370,11000,-3.2481263204574017E-6+4.491171308811591E-4i
6380,11000,-3.295518748122047E-6+3.153991990878421E-4i
6390,11000,-3.359778466343602E-6+1.8355088934240402E-4i
6400,11000,-3.4414999156264374E-6+5.24939355618093E-5i
6410,11000,-3.5419100783119655E-6-7.883516321117655E-5i
6420,11000,-3.6629505746399774E-6-2.1152379521083213E-4i
6430,11000,-3.8074237753626086E-6-3.4672489846125556E-4i
6440,11000,-3.979225155274502E-6-4.857054427942802E-4i
6450,11000,-4.183700425990328E-6-6.299067745059788E-4i
6460,11000,-4.428193008519133E-6-7.810241152306553E-4i
6470,11000,-4.72289483783597E-6-9.411164662299763E-4i
6480,11000,-5.082200834506463E-6-0.0011127652077149819i
6490,11000,-5.526936188439557E-6-0.0012993125693264347i
6500,11000,-6.0881696629809555E-6-0.0015052357585879342i
6510,11000,-6.8140716261464815E-6-0.0017367620888436152i
6520,11000,-7.783012086660354E-6-0.0020029368608762053i
6530,11000,-9.130509918370929E-6-0.0023176029152009725i
6540,11000,-1.1110166429227195E-5-0.00270338356091417i
6550,11000,-1.4249558558729419E-5-0.003200595099449854i
6560,11000,-1.9822874439904866E-5-0.003890291308815254i
6570,11000,-3.1693166294703596E-5-0.00496781800517063i
6580,11000,-6.729440006311756E-5-0.007074761996673554i
6590,11000,-3.353002234921132E-4-0.014500806387987682i
6600,11000,-0.0013931681681196668+0.02346953060403638i
6610,11000,-7.244146758882551E-5+0.0026360648204234016i
6620,11000,-2.8516846811003063E-5-0.001022948424290571i
6630,11000,-2.78208847645482E-5-0.0036862595697016746i
6640,11000,-5.786584640935498E-5-0.007685592966888816i
6650,11000,-3.7453235867375764E-4-0.022022039530451263i
6660,11000,-0.0011216941274430124+0.03866501734578219i
6670,11000,-8.753214661232067E-5+0.010323475264570073i
6680,11000,-3.1941951970196396E-5+0.00567092108825384i
6690,11000,-1.764317646546674E-5+0.0036360093034479217i
6700,11000,-1.201219444085238E-5+0.0024209341359049874i
6710,11000,-9.356155178336828E-6+0.0015599543427719548i
6720,11000,-8.048398266523217E-6+8.735158601510002E-4i
6730,11000,-7.504539563957083E-6+2.7245243472437126E-4i
6740,11000,-7.511867312386738E-6-2.99130667026976E-4i
6750,11000,-8.04834833789502E-6-8.871519872982185E-4i
6760,11000,-9.264768211898604E-6-0.001542703986763748i
6770,11000,-1.1601736784671083E-5-0.0023410645617331295i
6780,11000,-1.6227730466176545E-5-0.003422386297495116i
6790,11000,-2.6786440645965067E-5-0.0051141818034611645i
6800,11000,-5.953586037288734E-5-0.008458573457259514i
6810,11000,-2.8596644328711835E-4-0.019712887701995526i
6820,11000,-0.004141831787557275+0.0763281284736754i
6830,11000,-1.2215277661139346E-4+0.01273829004798782i
6840,11000,-3.8785630642124265E-5+0.006547746049417625i
6850,11000,-2.0828068469416214E-5+0.00399854399402527i
6860,11000,-1.5074689724214391E-5+0.002411219538358312i
6870,11000,-1.4230482739727767E-5+0.0010813682257930465i
6880,11000,-1.8855631124887596E-5-4.646474018990834E-4i
6890,11000,-4.5169346733138695E-5-0.0033800254993639344i
6900,11000,-8.56978800984151E-4-0.023892561172593i
6910,11000,-1.3562073331890203E-4+0.011566524603833138i
6920,11000,-2.7967751696410692E-5+0.005508672384193215i
6930,11000,-1.3881043224985733E-5+0.0037406842261614127i
6940,11000,-9.411612911972833E-6+0.0028198211729645517i
6950,11000,-7.446834297485822E-6+0.0022155577263846997i
6960,11000,-6.437187268601653E-6+0.0017656771110842115i
6970,11000,-5.883398598856168E-6+0.0014028264349620566i
6980,11000,-5.5847751283206255E-6+0.0010933442030397068i
6990,11000,-5.448978776044872E-6+8.180473984421798E-4i
7000,11000,-5.430399823807087E-6+5.647915567662083E-4i
7010,11000,-5.506710700095472E-6+3.2512516253975455E-4i
7020,11000,-5.669048795117173E-6+9.258885193559545E-5i
7030,11000,-5.9178934025802965E-6-1.3826060823841628E-4i
7040,11000,-6.261802136684803E-6-3.724984544836896E-4i
7050,11000,-6.7180507385544245E-6-6.15352476642917E-4i
7060,11000,-7.31513298699658E-6-8.727247519947956E-4i
7070,11000,-8.09781798866044E-6-0.0011518335102823297i
7080,11000,-9.136525219780477E-6-0.0014621339443875044i
7090,11000,-1.0544884514060944E-5-0.0018167884401943898i
7100,11000,-1.2514197168447135E-5-0.002235215539336562i
7110,11000,-1.5385917832264156E-5-0.0027478621409249967i
7120,11000,-1.981876669128486E-5-0.0034059311573822874i
7130,11000,-2.722380200300456E-5-0.004303408726487503i
7140,11000,-4.110313844388846E-5-0.005634471646103663i
7150,11000,-7.232200638603693E-5-0.00787692964646818i
7160,11000,-1.7054261443495293E-4-0.012610956611359492i
7170,11000,-9.105756596542346E-4-0.030039653529626693i
7180,11000,-0.006460757650574679+0.0813544924718224i
7190,11000,-2.824273578493793E-4+0.01717966065709381i
7200,11000,-8.65843156339084E-5+0.009451723007738241i
7210,11000,-4.13836771829373E-5+0.006397359571487076i
7220,11000,-2.4397050028226557E-5+0.004730939317846432i
7230,11000,-1.6331488023501425E-5+0.003660572886399218i
7240,11000,-1.1938822931906497E-5+0.0028992493828512373i
7250,11000,-9.326448531304597E-6+0.0023174942770738363i
7260,11000,-7.680479629226473E-6+0.001848031290238057i
7270,11000,-6.606146279954844E-6+0.001452130410816042i
7280,11000,-5.89490151660434E-6+0.001105581858130256i
7290,11000,-5.429959115902134E-6+7.920883395959332E-4i
7300,11000,-5.143969613003738E-6+4.998181169677242E-4i
7310,11000,-4.9988267674279995E-6+2.1941189170271091E-4i
7320,11000,-4.976048903936321E-6-5.7335310980188716E-5i
7330,11000,-5.073194615421881E-6-3.385420390774654E-4i
7340,11000,-5.305147530396332E-6-6.33382351868639E-4i
7350,11000,-5.711958823903428E-6-9.537119372942346E-4i
7360,11000,-6.380238476555985E-6-0.0013169777058860417i
7370,11000,-7.500948906811972E-6-0.0017524329369179616i
7380,11000,-9.548320538220607E-6-0.002316899546928838i
7390,11000,-1.3984369224554404E-5-0.0031444324740969904i
7400,11000,-2.7458136387090478E-5-0.004666222539613795i
7410,11000,-1.266763480753372E-4-0.009618896655220489i
7420,11000,-9.172882317540225E-4+0.02037730645295637i
7430,11000,-4.763444673873076E-5+0.002303826466302032i
7440,11000,-2.2527779529783906E-5-3.329778614824804E-4i
7450,11000,-1.9859164263506108E-5-0.0019122518880164315i
7460,11000,-2.458212253573449E-5-0.003500384084414124i
7470,11000,-4.035105465442497E-5-0.0057615923190575714i
7480,11000,-9.863647330877472E-5-0.010374336045009171i
7490,11000,-7.244495651906402E-4-0.03033103058312379i
7500,11000,-0.0011953587552273762+0.04008761362283044i
7510,11000,-1.1384331721121898E-4+0.012242984752469063i
7520,11000,-4.215177850456728E-5+0.007112154350503825i
7530,11000,-2.3263457214731974E-5+0.004877467820885151i
7540,11000,-1.5731041114161286E-5+0.0035821788835845095i
7550,11000,-1.2065702008084502E-5+0.0027072032148782324i
7560,11000,-1.008761369966019E-5+0.002054633402586558i
7570,11000,-8.978111560401534E-6+0.001531828669926319i
7580,11000,-8.377993374374298E-6+0.0010889360434033686i
7590,11000,-8.114660986330405E-6+6.960345144814062E-4i
7600,11000,-8.103344519989785E-6+3.3330822497595794E-4i
7610,11000,-8.307253001360901E-6-1.3764163928907392E-5i
7620,11000,-8.721350888749009E-6-3.5709157354222795E-4i
7630,11000,-9.367813690477915E-6-7.07738964072317E-4i
7640,11000,-1.0299739981089534E-5-0.0010774050510774984i
7650,11000,-1.161443931370067E-5-0.001480062160734513i
7660,11000,-1.3483219954222517E-5-0.0019343007990261251i
7670,11000,-1.621667148698697E-5-0.0024673603522770396i
7680,11000,-2.041865700234848E-5-0.0031231025812518093i
7690,11000,-2.739903411161873E-5-0.003980096888821331i
7700,11000,-4.0511055915770704E-5-0.005200236175231636i
7710,11000,-7.098026363796225E-5-0.007196527622452274i
7720,11000,-1.8172774140258718E-4-0.011532835130043207i
7730,11000,-0.0023951063439150945-0.03787631961273841i
7740,11000,-4.8077253299285056E-4+0.010257428024087816i
7750,11000,-1.1923118504471711E-4-0.003328931506153934i
7760,11000,-3.7012775272427363E-4-0.01873737084511633i
7770,11000,-0.006495724351220161+0.09638189129978854i
7780,11000,-2.0150221450576186E-4+0.017916842631060352i
7790,11000,-6.640590711292579E-5+0.010346695130144514i
7800,11000,-3.434957883143338E-5+0.007297157591748466i
7810,11000,-2.1801704436330235E-5+0.005567031407068254i
7820,11000,-1.574420377767195E-5+0.004395917053796146i
7830,11000,-1.2659439512458399E-5+0.003495096137429437i
7840,11000,-1.1523037570546563E-5+0.0027060554104378835i
7850,11000,-1.2892912253985088E-5+0.0018716165197445007i
7860,11000,-2.3186370392596163E-5+5.942346197343642E-4i
7870,11000,-2.35246303171701E-4-0.005344937231264701i
7880,11000,-8.799599968296053E-5+0.006698720621829306i
7890,11000,-1.6883196809197975E-5+0.0035964644325887584i
7900,11000,-8.99010468218946E-6+0.00268625231197698i
7910,11000,-6.522171132862561E-6+0.0021693778324245977i
7920,11000,-5.40591116792533E-6+0.0017990780344945745i
7930,11000,-4.80041507388944E-6+0.0015019527680909873i
7940,11000,-4.4401895597888615E-6+0.0012475545724531401i
7950,11000,-4.218432153752906E-6+0.0010204596013715802i
7960,11000,-4.084876240412669E-6+8.116887682305658E-4i
7970,11000,-4.013254149697957E-6+6.15426459352774E-4i
7980,11000,-3.988941870233875E-6+4.275567382064232E-4i
7990,11000,-4.0036455267155415E-6+2.4492697123553863E-4i
8000,11000,-4.052916144978893E-6+6.49361061479222E-5i
8010,11000,-4.13494640147545E-6-1.1472164499794363E-4i
8020,11000,-4.2500280388733785E-6-2.9623755495751167E-4i
8030,11000,-4.400415308919875E-6-4.8183655058662195E-4i
8040,11000,-4.590512138374906E-6-6.739208669255831E-4i
8050,11000,-4.827410906506711E-6-8.75233444263343E-4i
8060,11000,-5.121924633850914E-6-0.0010890696291283209i
8070,11000,-5.490434340384864E-6-0.0013195797767421664i
8080,11000,-5.958231759553865E-6-0.0015722363782664536i
8090,11000,-6.565847846319932E-6-0.001854606366620018i
8100,11000,-7.381891188014483E-6-0.0021777223652381878i
8110,11000,-8.531658594995875E-6-0.0025587304707916404i
8120,11000,-1.026956138581301E-5-0.003026585383921886i
8130,11000,-1.3198602695071187E-5-0.0036362741083885313i
8140,11000,-1.9144757893045684E-5-0.004513302004674065i
8150,11000,-3.678171920516045E-5-0.0060584313982419745i
8160,11000,-2.0684371840215345E-4-0.011327562778330665i
8170,11000,-2.638790809022001E-4+0.002109980839113806i
8180,11000,-7.376117867052895E-5-0.005804420830408751i
8190,11000,-2.2473714663187794E-4-0.014324910177448599i
8200,11000,-0.02075647687619035+0.12940743794129025i
8210,11000,-1.8351509517271753E-4+0.009625920664976851i
8220,11000,-6.637167690789447E-5+0.0035954125875823895i
8230,11000,-4.414654109558927E-5+0.0010538177017941415i
8240,11000,-3.927704623135867E-5-6.491234482061178E-4i
8250,11000,-4.1925862446055885E-5-0.0021495106529375316i
8260,11000,-5.1539971805582054E-5-0.0037729189492920253i
8270,11000,-7.283755177718734E-5-0.005872117868772037i
8280,11000,-1.231030364151826E-4-0.009143782845012906i
8290,11000,-2.8222758462181127E-4-0.01575394632117975i
8300,11000,-0.0014462308089115115-0.039230052103566296i
8310,11000,-0.012481003008435418+0.12331520833916676i
8320,11000,-4.8340793820034076E-4+0.025738197246616846i
8330,11000,-1.4540371029507818E-4+0.014678891928261075i
8340,11000,-6.855226313161597E-5+0.010346400561982643i
8350,11000,-3.978540834201736E-5+0.007998160957587395i
8360,11000,-2.6104265122421033E-5+0.006503512219750281i
8370,11000,-1.8604060990252416E-5+0.005454557108692283i
8380,11000,-1.4087662273447101E-5+0.004667850070341622i
8390,11000,-1.118277669118409E-5+0.004048447493760951i
8400,11000,-9.223057042099119E-6+0.003542110937287592i
8410,11000,-7.854320416615471E-6+0.0031154660699427975i
8420,11000,-6.874929447984047E-6+0.002746724507609457i
8430,11000,-6.163880966125615E-6+0.0024209320674531127i
8440,11000,-5.645656722417557E-6+0.0021273493278318226i
8450,11000,-5.271928064941505E-6+0.001857911655340022i
8460,11000,-5.011601144126203E-6+0.0016062642958393474i
8470,11000,-4.8453097804442556E-6+0.0013671105320678437i
8480,11000,-4.7625174528721E-6+0.0011357227495082016i
8490,11000,-4.760418807327719E-6+9.075153682238875E-4i
8500,11000,-4.844485734038741E-6+6.775900964702636E-4i
8510,11000,-5.0311686280689564E-6+4.4014029399896834E-4i
8520,11000,-5.354406740356648E-6+1.8752151752141828E-4i
8530,11000,-5.880306420702005E-6-9.141006705012657E-5i
8540,11000,-6.742012624796576E-6-4.146339161678585E-4i
8550,11000,-8.232255199662006E-6-8.145231152176202E-4i
8560,11000,-1.1093692134086905E-5-0.0013577322382989216i
8570,11000,-1.7693239485189375E-5-0.002209930485701917i
8580,11000,-3.936016623063912E-5-0.00393491844358407i
8590,11000,-2.2700938139165995E-4-0.01052653858161049i
8600,11000,-7.973232560901102E-4+0.020460187820540997i
8610,11000,-5.4521325126037036E-5+0.0051563321348278455i
8620,11000,-2.009762079674576E-5+0.0027957356391758296i
8630,11000,-1.1720482468584332E-5+0.0017668534530259614i
8640,11000,-8.554514664984009E-6+0.0011475235710671102i
8650,11000,-7.101962740739903E-6+7.050800599948687E-4i
8660,11000,-6.383220436723854E-6+3.5285110965244907E-4i
8670,11000,-6.040395486775909E-6+5.063821570137199E-5i
8680,11000,-5.920439887596212E-6-2.2328916617106215E-4i
8690,11000,-5.95222688302902E-6-4.8227723508454393E-4i
8700,11000,-6.103041296644886E-6-7.356073465967569E-4i
8710,11000,-6.3616025561706676E-6-9.906558754277173E-4i
8720,11000,-6.731900116770929E-6-0.0012542003275195332i
8730,11000,-7.233079728595101E-6-0.001533468538467539i
8740,11000,-7.905402052299967E-6-0.001837354812952116i
8750,11000,-8.827498626345644E-6-0.0021783928214120225i
8760,11000,-1.0164098986013752E-5-0.0025768632227158596i
8770,11000,-1.232014493222485E-5-0.0030713817166387754i
8780,11000,-1.659931952397959E-5-0.0037541013560869743i
8790,11000,-2.9841762657576087E-5-0.004946268342163074i
8800,11000,-1.9159379832930267E-4-0.009561798622379524i
8810,11000,-1.7297707168966204E-4+0.0016733652008811787i
8820,11000,-4.20533917558178E-5-0.002701203695718443i
8830,11000,-6.637067375681658E-5-0.004480214330821174i
8840,11000,-3.612243624860267E-5-0.0056963723209773045i
8850,11000,-5.28011937192056E-5-0.007624564297451359i
8860,11000,-9.256776235673014E-5-0.010625171484280287i
8870,11000,-2.275742014773427E-4-0.01693081411381926i
8880,11000,-0.0016315664138840018-0.044214500885417916i
8890,11000,-0.0024595989924092797+0.04969920900092443i
8900,11000,-2.3103890612154223E-4+0.012368364381080724i
8910,11000,-9.082822692300116E-5+0.004697465309847649i
8920,11000,-6.405522512281267E-5+3.8586127854233897E-4i
8930,11000,-7.362899085464668E-5-0.0036976738452832864i
8940,11000,-1.4111094305498665E-4-0.009919928061632414i
8950,11000,-6.294534079186315E-4-0.028213093974839565i
8960,11000,-0.016617020343851083+0.16901930024814077i
8970,11000,-3.347199169907655E-4+0.02638210534306215i
8980,11000,-1.0067058138872355E-4+0.015256545912057277i
8990,11000,-4.929905106742179E-5+0.011000524861565334i
9000,11000,-2.9902735810163033E-5+0.008689056620261808i
9010,11000,-2.0476364339138732E-5+0.0072063046932895275i
9020,11000,-1.5170707807995351E-5+0.0061571038235394135i
9030,11000,-1.1885444474243615E-5+0.005364917811357256i
9040,11000,-9.712019773457378E-6+0.0047384791114581i
9050,11000,-8.203767181732361E-6+0.0042255760601407275i
9060,11000,-7.119543280280001E-6+0.0037940250356721366i
9070,11000,-6.319519087006943E-6+0.0034228137200788796i
9080,11000,-5.717931028456389E-6+0.0030975799223409025i
9090,11000,-5.25975479752202E-6+0.0028081305564899004i
9100,11000,-4.90837600820866E-6+0.0025469983732471935i
9110,11000,-4.638698475870969E-6+0.002308560890721236i
9120,11000,-4.4331086336644705E-6+0.002088480159783319i
9130,11000,-4.27901863680799E-6+0.0018833337754639076i
9140,11000,-4.167321288816051E-6+0.0016903641548751782i
9150,11000,-4.091392465678447E-6+0.0015073032474958515i
9160,11000,-4.046434260724664E-6+0.0013322465983167152i
9170,11000,-4.0290376392493755E-6+0.0011635603420442548i
9180,11000,-4.036891917936526E-6+9.99810443904897E-4i
9190,11000,-4.068596947935702E-6+8.397069896288847E-4i
9200,11000,-4.123551573236643E-6+6.820584709933226E-4i
9210,11000,-4.201903634445395E-6+5.257323176837384E-4i
9220,11000,-4.3045553984874315E-6+3.6961867078019E-4i
9230,11000,-4.433225730575269E-6+2.1259472371099852E-4i
9240,11000,-4.5905781904724864E-6+5.3486927978332044E-5i
9250,11000,-4.78043428451116E-6-1.0897204872514116E-4i
9260,11000,-5.008105881660174E-6-2.7619562523662183E-4i
9270,11000,-5.280904546288685E-6-4.4981051477186357E-4i
9280,11000,-5.608926133147265E-6-6.317473047535406E-4i
9290,11000,-6.0062817928886185E-6-8.243677686559117E-4i
9300,11000,-6.493083324322891E-6-0.0010306509486081184i
9310,11000,-7.098760746981284E-6-0.0012544759905153504i
9320,11000,-7.867853177263087E-6-0.001501070340322396i
9330,11000,-8.87066845049832E-6-0.0017777540311743035i
9340,11000,-1.0224229073174425E-5-0.002095245369631913i
9350,11000,-1.2136948457757728E-5-0.002470109490253336i
9360,11000,-1.5014641959548957E-5-0.002929754352163433i
9370,11000,-1.9751641224970106E-5-0.0035238347995996374i
9380,11000,-2.8725017796713014E-5-0.00435483601648793i
9390,11000,-5.077027751717001E-5-0.005685290488861062i
9400,11000,-1.693503773540131E-4-0.008664083275155878i
9410,11000,-2.8116363505085567E-4-0.010442872863146433i
9420,11000,-0.36973413010837836-0.2981358445062839i
9430,11000,-2.185205713832883E-4+0.008870558125117743i
9440,11000,-6.137315836638569E-5+0.002790705506159374i
9450,11000,-3.4129347079406676E-5+4.1874079187530043E-4i
9460,11000,-2.6866709584126358E-5-0.0011182393919433548i
9470,11000,-2.6613282392024824E-5-0.0024417583522952954i
9480,11000,-3.127600231364337E-5-0.003838878830690203i
9490,11000,-4.268898594620627E-5-0.00558424956938383i
9500,11000,-6.890265061498035E-5-0.008162949886055646i
9510,11000,-1.4308622769795883E-4-0.012898510844381761i
9520,11000,-5.151217172243683E-4-0.025954429630417438i
9530,11000,-0.10459443190422997-0.3677469234662054i
9540,11000,-6.674921705436508E-4+0.0308594762044446i
9550,11000,-1.5608737817212676E-4+0.014761313504438366i
9560,11000,-6.938798084005092E-5+0.009517017495624275i
9570,11000,-4.025438133570014E-5+0.006835231396768873i
9580,11000,-2.7259719762114108E-5+0.0051489218015149316i
9590,11000,-2.0556017767514996E-5+0.003944507919999175i
9600,11000,-1.6863521350721367E-5+0.0030006688121218816i
9610,11000,-1.4868230973792901E-5+0.002202460771384447i
9620,11000,-1.4005629768323142E-5+0.00147928594179642i
9630,11000,-1.4074300036028934E-5+7.785570813559473E-4i
9640,11000,-1.512768919335997E-5+5.050136415143847E-5i
9650,11000,-1.7526611960627874E-5-7.661995899000389E-4i
9660,11000,-2.223220377303706E-5-0.001767887687568453i
9670,11000,-3.182207656155397E-5-0.003142308053779438i
9680,11000,-5.473174437853296E-5-0.005350262244120864i
9690,11000,-1.3282439225554082E-4-0.009985135146459078i
9700,11000,-9.11028552539614E-4-0.02941044421104799i
9710,11000,-0.0017117790809569758+0.03766766190173398i
9720,11000,-2.7751969573759503E-4+0.01650765062176538i
9730,11000,-6.824590655893362E-5+0.008928797350138008i
9740,11000,-3.466382917986635E-5+0.006142428973907885i
9750,11000,-2.2910798155071267E-5+0.004538518443781321i
9760,11000,-1.7981154201115028E-5+0.003402543122084885i
9770,11000,-1.6302492866395633E-5+0.0024634442365324707i
9780,11000,-1.7137210208035605E-5+0.0015616435020019829i
9790,11000,-2.1629163050518277E-5+5.285768124976655E-4i
9800,11000,-3.589480212432506E-5-9.81818626388785E-4i
9810,11000,-1.0179507528912127E-4-0.004336456403906524i
9820,11000,-0.003066345010694058-0.03603279307175481i
9830,11000,-2.2824749107205663E-4+0.012184346534245643i
9840,11000,-4.896264233306152E-5+0.00615597974449903i
9850,11000,-2.3752949021757598E-5+0.004287207899834237i
9860,11000,-1.592766542495336E-5+0.0032871703504404833i
9870,11000,-1.2772272788057868E-5+0.0026098643100193274i
9880,11000,-1.149208097003203E-5+0.002082720067875912i
9890,11000,-1.1240202710236317E-5+0.0016304918468119877i
9900,11000,-1.1771743888615963E-5+0.0012108865097189604i
9910,11000,-1.3143606664028598E-5+7.924359193950361E-4i
9920,11000,-1.5719990786118618E-5+3.4251874254063715E-4i
9930,11000,-2.0451066031856057E-5-1.858146455640707E-4i
9940,11000,-2.989324891329317E-5-8.81798247264771E-4i
9950,11000,-5.259676822218608E-5-0.001966732121408702i
9960,11000,-1.3312108366591395E-4-0.004235595421281027i
9970,11000,-0.0010861775387625964-0.014628902398873116i
9980,11000,-0.0011407717604373202+0.016854891315538523i
9990,11000,-1.2255266924180683E-4+0.0058493104294833915i
10000,11000,-4.4993428507174535E-5+0.003538691761920957i
